,Amoxicillin,Ampicillin,Azithromycin,Cefalexin,Cefotaxime,Chlortetracycline,Ciprofloxacin,Clarithromycin,Doxycycline,Enrofloxacin,Erythromycin_H2O,Lincomycin,Ofloxacin,Oxytetracycline,Roxythromycin,Sulfadiazine,Sulfamethazine,Sulfamethoxazole,Trimethoprim,pH,Salinity,DOC,DO,Temperature,NO3,PO4
1,0,0,0.201209512,0.842948718,0.736778846,2.332016359,0.493626143,0.341770699,0.526393262,0.25668241,3.755050505,0.362052551,1.179021184,0,0,2.731052036,0,1.542088378,0.566061974,8.23,27,6.331,9.67,30.8,0.1,0.016
2,0,0,0,1.879714577,0.131498471,2.419130335,0.717225852,0.327876935,0.735723666,0,1.834834835,0.261195386,0.528963699,0.152472641,0,1.43267674,0,1.54694657,0.45587416,8.29,21,10.95,9.71,30.9,0.06,0.014
3,0,0,0,1.714025501,0.082650273,2.03918095,0.508581534,0.260125105,0.500258553,0,2.3469163,0.121043662,0.221891288,0.175296463,0,1.971070395,0,1.323691902,0.515630185,8.31,24,12.46,9.66,30.9,0.07,0.012
4,0,0,0.399612403,0,0.470750552,2.499817489,0.511310532,0.33318749,0.56531239,0,3.308139535,0,0.41724116,0,0.01393766,0.744156603,0,1.452754583,0.38921361,8.34,21,6.762,9.68,31,0.06,0.015
5,0,0,0.587777778,0,0.468621399,1.932676905,2.648535151,0.289198318,0.560446165,0.105713178,3.342592593,0,0.491306458,0,0,1.519789397,0,1.328278762,0.34482931,8.21,26,15.53,9.78,30.9,0.08,0.01
6,0,0,0.604200965,0,0.824874687,1.874831361,1.237993299,0.479965837,0.59374652,0,2.63034188,0.036737884,1.350742829,0,0.028144765,0.746682884,0,1.580436757,0.38109951,8.26,26,4.458,10.11,30.4,0.08,0.021
7,0,0,0.843690355,0.609562524,0.325493612,1.932705947,0.977267449,0.454427438,0.668968131,0,2.445402299,0,1.090707622,0,0,0.846331215,0,1.301837289,0.630711394,8.32,15,3.433,8.7,30.5,0.13,0.017
8,0,0,0.220552153,0.980676329,0.467391304,3.018755347,0,0.434130346,0.848603212,0,3.04930192,0.212799541,1.074136545,0,0,0.677536232,0,1.286203221,0.54060318,8.05,25,10.04,8.1,30.5,0.16,0.037
9,0,0,0.328606965,1.209634105,0.401057402,2.198737309,1.964309088,0.503108924,0.65085093,0,2.1513267,0,1.066653743,0.176594532,0,0.876177359,0,1.422402469,0.539849799,7.84,20,6.759,8.14,30.6,0.09,0.011
10,0,0,0.406770833,1.72875817,0.25432526,2.319285729,1.275593677,0.563979238,0.663761881,0,3.171875,0.148960225,1.288310139,0,0,0.529157338,0,1.611691991,0.428582436,8.35,17,8.201,8.07,30.8,0.03,0.012
11,0,0,0.228405556,0.544168392,0.345755694,1.515165766,1.521896081,0.03849958,0.509928154,0,0.806719023,0,0.143459916,0,0,0.72625137,0,0.264884171,0,8.2,32,7.297,7.48,30.1,0.11,0.021
12,0,0.278339461,0,0.912758766,0.259505703,2.071992321,0.681584168,0.029824441,0.556149024,0,1.328583765,0,0.145947478,0,0,0.346287184,0,0.15904562,0,8.11,33,5.681,7.43,30.2,0.11,0.021
13,0,0,0.783333333,0.427566807,0,2.086337849,0.364588893,0.052614796,0.669309635,0.115533625,1.135714286,0,0.385126887,0,0,0.696016381,0,0.362548156,0,8.16,29,19.6,7.39,30.2,0.09,0.024
14,0,0,0.402083333,0,0.369598765,2.199899265,1.28901122,0.057716837,0.750568572,0,0.520833333,0,0.660363098,0,0,0.403231663,0,0.317364466,0,8.16,29,13.48,7.45,30.3,0.07,0.028
15,0,0,0.727777778,0,0.392716535,2.858068065,0.624424532,0.566976096,0.889944559,0,4.638888889,0.529274187,2.321080579,0,0.058707555,0.985062529,0,2.095886112,0.799212598,8.3,32,3.274,9.58,27.8,0.14,0.044
16,0,0,0.369444444,0,0.568066158,2.530076918,1.397396313,0.470801052,0.78039237,0,6.606481481,0.802433678,2.490245776,0,0.114351015,0.58610238,0,2.291320943,0.929829712,8.29,33,3.322,9.48,27.6,0.13,0.034
17,0,0,0.204200965,1.517429194,0.460784314,2.037981524,1.377854799,0.611223468,0.586349961,0,8.314102564,0.816734615,2.543812649,0,0.046807537,0.715397924,0.242768394,2.851463856,1.11268556,8.23,33,3.848,9.56,27.6,0.15,0.017
18,0,0,0.229674797,1.262796504,0.196941323,2.339486232,0,0.526648312,0.627140195,0,4.652439024,0.695998813,2.435824007,0,0.074941989,0.400804142,0,3.320102589,1.165756873,8.35,25,3.462,9.57,27.8,0.11,0.02
19,0.277696352,0.289827383,0.952298851,2.398919753,0.791087963,2.774596,0.910342742,0.618354885,0.607304042,0,5.733579639,0.906421892,2.397983871,0,0.074800548,0.69995915,0.24559956,3.42894525,0.852620333,8.24,32,4.005,9.44,27.9,0.13,0.015
20,0,0,0,1.362340216,0.174410029,1.766559824,1.502592488,0.25702089,0.805288111,0.196644225,4.965686275,0.304784018,0.263572773,0,0,1.539953149,0,1.626193705,0.292519078,8.34,30,3.317,8.22,29.4,0.01,0.013
21,0,0,0.545629044,0.477932636,0.714576074,2.17439772,0.879803673,0.764115544,0.549376962,0.100512531,3.903961136,0,0.26783226,0.252311332,0,0.451783152,0,0.933206274,0.334473614,8.27,36,19.14,8.26,29.3,0.01,0.02
22,0,0,0.634596783,1.467447917,0.342773438,2.47078147,0.61398208,0.543379365,0.677828296,0,4.180420712,0,0.335798954,0,0,0.706341912,0,1.272091165,0.348304656,8.33,32,11.29,8.25,29.1,0.01,0.02
23,0,0,0.558814103,0,0.106014271,1.810977988,2.29039317,0.956869767,0.65675617,0,1.923878205,0,2.241555591,0,0.035896373,0.681642382,0,0.764138191,0.119730342,8.47,25,9.395,8.19,29.5,0.02,0.028
24,0.371870018,0.268551465,0,1.22718254,0.534598214,2.695685293,0,0.448033175,0.813288383,0,1.043609672,0,0.248067637,0.176450943,0,1.272584034,0,0.252422428,0.454489589,8.01,23,12.97,7.15,31.4,0.38,0.015
25,0.287445415,0.431756693,0,1.333333333,0.394097222,2.079690326,1.21623367,0.169444971,0.715644144,0,1.174454829,0,1.024676521,0,0,1.399509804,0,0.385919668,0.421896086,8.2,21,3.635,7.27,31,0.49,0.016
26,0.323150022,0,0.237412777,1.32836495,0.475271003,2.388992997,0,0.542961688,0.741396464,0,2.199447077,0,1.360146353,0,0,1.571377331,0,0.355431863,0.41158948,8.22,26,10.93,7.28,31.1,0.49,0.01
27,0,0,0.435313531,0.847736626,0,2.435351958,1.659323092,0.275185012,0.634220532,0,2.346534653,0,0.946998622,0,0,1.104030501,0,0.430085883,0.617858749,8.21,26,7.669,7.29,31.2,0.38,0.021
28,0.351078988,0.276157101,0.416161616,0.951659452,0.084054834,2.153981106,1.328718095,0.237190141,0.655288584,0,2.012626263,0,0.722766429,0,0.021052523,2.643302776,0,0.533988958,0.657000894,7.89,27,6.496,7.31,31.1,0.16,0.023
29,0,0.269918174,4.975757316,3.469079171,0.20285423,2.764292251,16.58235168,7.423593914,1.212756334,0,12.88178295,0.33878342,88.58039151,0.162128742,0.076158473,2.183711099,0,2.906473229,2.945071748,7.44,32,3.829,5.7,30.8,0.19,0.022
30,0,0,7.275472551,4.360082305,0.205106622,2.628271274,29.66228023,10.30041325,1.480024489,0,10.18027211,0.098476514,146.1088563,0,0.1156884,3.269310755,0,4.958639621,4.588741668,7.9,27,4.238,5.68,30.8,0.12,0.015
31,0,0,7.807309942,20.04090354,0.355311355,2.219884858,4.67788851,15.78418579,1.255941281,0,16.67592593,0.245203641,134.3725987,0,0.286759224,0.551766861,0,0.510099804,5.658072697,7.83,24,3.884,5.67,30.6,0.16,0.028
32,0.946286597,0,15.11175973,40.91314554,0.198650235,2.993402234,69.44359524,18.7315747,1.763832026,0.116629763,18.88028765,0.742155906,217.9528157,0.166372402,0.211222066,1.358947804,0,0.321239028,8.601613731,7.88,32,4.765,5.65,30.6,0.1,0.051
33,0,0,0.998401535,0.931097764,0.093593594,2.334814326,0.378165446,0.374245559,0.389807196,0,2.294384058,0,1.295343437,0,0.029268416,0.596316905,0,3.768617499,0.444000681,7.81,28,5.138,6.95,18.967,0.278,0.019
34,0,0,0.855349157,0.870559818,0,2.653035582,0.738770997,0.330535363,0.742932175,0.122548392,1.295808967,0,0.99640779,0,0.014561434,0.45813901,0,3.463185858,0.555271959,7.8,35.66,5.128,7.26,18.966,0.178,0.037
35,0,0,0,0,0.213487973,1.964511227,1.617767857,0.285283344,0.611564336,0,1.617647059,0,1.12672444,0,0.014808981,0.432383263,0,3.471592549,0.827476105,7.81,35.68,5.294,7.31,18.985,0.098,0.03
36,0,0,0.761500754,0.525915996,0.510277033,2.113533573,0,0.357780292,0.770229697,0,3.271367521,0,0.865922921,0,0,0.951860905,0,3.807063685,0.669476072,7.8,35.71,4.741,7.12,19.02,0.148,0.026
37,0.340078975,0,0.603977008,1.515929908,0,0.90358836,1.391613493,0.381482527,0.504253177,0.101818647,0.280201342,0.026722027,0.349169325,0,0.03260271,0.262966477,0,4.803702501,0.499593691,7.79,35.65,4.749,7.11,19.314,0.158,0.014
38,0,0,1.20268047,1.784810127,0.401635021,2.147383334,1.017693839,0.648194519,0.692208158,0,1.267068273,0.490725655,1.284245019,0,0.021125669,1.026433358,0,3.1959091,0.756085686,7.95,34.95,7.056,7.19,20.071,0.048,0.036
39,0,0,1.549047533,3.741602067,0.17005814,1.967956778,0.647650629,0.819222628,0.567902728,0,2.631390593,0.120394888,1.618526289,0,0.024656527,0.91501368,0,3.798262839,0.663496846,7.91,34.98,7.015,7.06,20.047,0.098,0.028
40,0,0,1.165318255,2.378417685,0.244546248,1.459479521,1.036580033,0.638848625,0.43897687,0,1.406028369,0.030428697,2.087258936,0,0,0.737680936,0,3.21031637,0.717012527,7.91,34.98,7.401,7.1,21.047,0.088,0.035
41,0,0,2.095428678,0.944444444,0.547951583,1.93331904,0.352459016,0.973660034,0.792375247,0,4.014767932,0,4.272981178,0,0.0709637,1.087660204,0,2.556131047,0.735722525,7.89,34.89,3.996,7.02,20.02,0.02,0.005
42,0,0,1.40412875,1.422883223,0.427053824,1.675929738,1.818064362,0.716017625,0.730006322,0,1.367443869,0,2.869242534,0.169436441,0.055447056,0.630019997,0,3.187853817,0.829781744,7.9,35.27,4.555,6.65,19.92,0.068,0.004
43,0,0,0.141869754,0.732377539,0.143966547,1.466019515,0,0.035601727,0.727356764,0,1.112068966,0,0,0,0,0.431636095,0,4.674323041,0.147700724,8.01,34.21,2.809,8.01,15.652,0.118,0.065
44,0.272798063,0,0,0,0.071113074,1.605002556,0,0.048781227,0.451943029,0,0.399122807,0,0,0,0.014261916,0.56396799,0,5.363424961,0.331819287,8.04,34.25,2.362,8.44,15.731,0.078,0.026
45,0,0,0,0,0.338112306,1.686883515,0.571829522,0.060569365,0.407548054,0,0.24513382,0,0,0,0,0.581857474,0,5.102872207,0.260161363,8.02,34.25,2.679,8.02,15.851,0.018,0.029
46,0,0,0.138006408,0,0,1.438357531,0.526356892,0.063874903,0.413484571,0,0.263888889,0,0.156567259,0,0,0.531938962,0,4.753920156,0.409208373,8.05,34.2,2.656,8.41,16.62,0.078,0.018
47,0.264596811,0.273652169,0.368279743,1.085978836,0,1.352964407,1.531907739,0.550526737,0.428585537,0,1.257600434,0,0.613690194,0,0.061166602,1.880952381,0,1.573981595,0.380084827,8.25,34.34,2.685,8.07,15.749,0.108,0.013
48,0,0,0.374956113,0.887835703,0,1.167076044,1.172702416,0.405409348,0.469837571,0,3.072695035,0,0.675990112,0,0.044601787,3.770630053,0,1.490961438,0.357973406,7.99,35.44,2.647,7.86,17.81,0.118,0.053
49,0.369424854,0.419226703,0.444198367,1.196502058,0.123649691,1.203525116,2.017938713,0.351158769,0.45396399,0,1.500487329,0,0.547357569,0,0.022975149,0.865059913,0,1.760029445,0.167547608,7.97,35.48,2.653,7.84,17.93,0.128,0.057
50,0.630717735,0,0.432908569,1.544589058,0.070137383,1.322958985,1.111160277,0.394718672,0.257972069,0,1.809670782,0,0.507799829,0.190299973,0.023787365,0.748086002,0,1.539201831,0.452558687,8.01,35.47,2.656,7.89,17.998,0.048,0.035
51,0,0.27041718,0.750764415,1.271825397,0,1.745779748,1.281116256,0.421519515,0.584043289,0,1.479166667,0,0.432963064,0,0.030654534,0.983718487,0,1.664776972,0.2873048,8.02,35.4,2.673,7.84,17.88,0.108,0.016
52,0,0,0.750755696,4.447089947,0.088095238,1.55657401,2.439321548,1.022007562,0.431326957,0.123231207,1.355769231,0.092880717,1.562952899,0,0.063432127,0.943277311,0,2.374108581,0.669269327,8,35.43,2.727,7.78,17.982,0.048,0.033
53,0.560200458,0,0.578367122,1.331679315,0,0.85963618,0.377537283,1.329174244,0.482428646,0,1.527777778,0,1.361780816,0,0.02935185,0.939038838,0,3.539456305,1.021692889,7.91,34.54,3.753,8.14,16.158,0.128,0.015
54,0,0,1.026090144,1.742490047,0.128528773,1.331708085,0.980300188,1.41126806,0.562386677,0,2.163043478,0,1.887449187,0,0.028075171,0.734671393,0,3.79827396,0.837944586,7.86,34.54,3.813,7.7,16.189,0.108,0.027
55,0,0,0.558081703,0.647746818,0.195820433,1.265881133,1.30548399,1.252362525,0.544954784,0.124917736,3.356837607,0,1.523773923,0,0.042271326,0.247814606,0,3.272924247,0.537151703,7.88,34.54,2.73,7.8,16.099,0.088,0.008
56,0,0,1.023315971,2.279985283,0.093405077,1.085455029,0.463872293,1.544498131,0.458248901,0,2.516169154,0,2.614381068,0,0,0.503116478,0,3.753411045,0.704922648,7.9,34.54,2.81,8.11,16.164,0.128,0.018
57,0,0,0,0,0.104765933,1.144793778,1.493881119,0.038843964,0.295766207,0,0.596072187,0.143857533,0,0,0.022943319,0.619115159,0,4.964307317,0.427646136,7.99,35.34,4.131,6.59,18.16,0.068,0.031
58,0.36380316,0,0.400235922,0,0,1.412302715,0,0.1040478,0.227724035,0,1.58984375,0.106963758,0.211835,0,0,0.956264324,0,6.304046217,0.450440537,8.03,35.3,4.059,6.69,18.519,0.098,0.04
59,0,0,0,0,0,1.410972276,1.211894587,0.072751576,0.482965477,0,1.464638971,0.142554051,0,0,0,0.715486194,0,6.098844852,0.389724311,7.9,35.33,4.237,6.63,18.139,0.058,0.03
60,0,0,0.329673075,0,0,1.340693945,0.962225275,0.083752916,0.376828345,0,0.87654321,0.198035694,0.124255952,0,0,0.776437541,0,5.546075299,0.432506287,7.9,35.35,4.041,6.67,18.26,0.038,0.017
61,0,0,0.456394955,0,0,1.238596247,0.35915493,0.039375219,0.219851005,0,0.886986301,0.16340725,0,0,0,0.917719981,0,6.227048116,0.53941513,7.91,35.29,3.961,6.74,18.19,0.078,0.016
62,1.038732532,0.37300563,4.79601768,16.54397537,0,3.723594658,9.470047651,4.734680759,0.80463644,0,6.208937198,0.068000731,17.07789454,0,0.146516741,0.476835325,0,3.293967787,1.734038008,7.84,35.03,3.843,6.74,17.881,0.038,0.047
63,0,0.325531637,4.685896511,11.45141529,0.333967047,1.819621148,17.16641528,5.072816726,1.141203501,0.104912285,1.861111111,0.19071641,28.8358524,0.343950004,0.080556517,0.714772981,0,2.893071442,1.225573806,7.84,34.58,3.611,6.69,17.894,0.028,0.058
64,0.817521368,0.60417662,9.74796788,54.55792972,0.431623932,1.498588436,23.46578575,12.08318771,2.233421652,0,5.095637584,0.690234408,68.78265593,0.418247268,0.159284548,1.130844646,0,0.992696112,5.515952109,7.83,34.08,4.325,6.77,18.35,0.108,0.036
65,0.417831877,0.650643412,10.75167418,50.76966292,0.689138577,1.162407991,43.08939709,14.21329699,2.344691371,0,6.856965174,0.753476471,96.3651464,0.497347424,0.251276377,0.79957039,0,0.847678109,5.039962698,7.8,33.95,4.191,6.85,18.113,0.098,0.052
66,0,0,0.857496626,2.735119048,0.577380952,3.26058288,0.78622474,0.20405118,1.026649461,0,3.232728843,0,2.554777125,0.281330226,0.162025399,1.187237395,0,0.532202244,0.94700694,8.3,24.5,1.3821,7.36,27.5,0.171,0.189
67,0,0,0.631151109,2.220164609,1.407407407,1.943197985,0.716728805,0.189054225,0.842039141,0,1.57957958,0,1.758736164,0,0.128204686,5.641067538,0,0.90336339,0.880266907,8.2,24,1.066,7.29,27.7,0.035,0.318
68,0,0.343755689,0.324257426,2.233333333,0.68,2.814618985,2.285359749,0.164937922,0.776870582,0,1.51320132,0,2.080636631,0.169581757,0.095354472,1.55,0,1.584264549,2.022267206,8.2,23.8,1.1493,7.16,27.7,0.149,0.453
69,0,0,0.256499808,0,0.25,1.816158122,0.972829387,0.158845899,0.678936484,0,1.409898477,0,1.33725133,0,0.093316701,1.194892759,0,2.627669708,2.686322513,8.2,24.4,2.1802,7.03,27.8,0.039,0.19
70,0,0,1.075493757,0,0,2.535789753,0,0.16317332,1.069785272,0,1.427966102,0,2.148852098,0.181949365,0.156286565,3.740968041,0,0.530393707,1.962781727,8.3,23.9,1.1783,7.2,28,0.085,0.239
71,0,0,1.819766998,0.656166476,0.43327606,1.952151338,1.975008036,0.284238695,0.747334278,0,3.71969697,0,2.226866436,0,0.177575403,2.146806145,0,0.371464391,0,8.6,19.6,3.0857,20.18,30.8,0.498,0.134
72,0.266177643,0,1.149226146,0.872384937,0.558577406,2.353233818,1.546100099,0.48390717,0.925335309,0,2.084388186,0.199801152,3.703109304,0,0.234399047,10.75861432,0,0.340227942,0.107033354,8.7,18.2,3.1053,20.18,30.8,0.619,0.142
73,0,0,0.892720132,0,0.261737089,2.298932067,1.051779811,0.404395454,0.648914305,0,3.001552795,0,1.958746881,0,0.193435712,1.245028998,0,0,0,8.9,20.6,1.564,19.24,30.3,0.34,0.222
74,0,0.271628507,1.533403361,0.611485223,0.221941639,2.103280165,0.564580229,0.573104242,0.866710056,0,3.612745098,0,3.936280841,0,0.323821934,1.823479897,0,0.73452525,0.805974727,8.9,21.8,2.0787,21.94,30.1,0.087,0.235
75,0,0.266173622,0.776466945,0,0.716549296,2.916824051,0.545081967,0.409823612,0.951371275,0,3.900289017,0,1.702550091,0,0.272442269,5.252899751,0,1.100512468,0,8.3,24.6,2.2215,8.92,28.7,0.009,0.245
76,0.7035715,0.465373394,0.905633019,0,1.683933934,3.413209541,1.311441996,0.322770696,1.199280542,0,5.099112426,1.391668897,1.172841412,0,0.232558197,2.225887652,0,3.687228383,1.067093409,8.3,24.4,1.3169,8.93,28.2,0.009,0.267
77,0,0.299851592,1.279674842,3.4913123,0.917009602,4.147567219,0.445693391,0.440021234,1.466258395,0,7.227272727,1.163305219,0.521785843,0,0.181446942,2.07050351,0,3.785958353,2.153987771,8.3,24.7,0.6398,9.06,28,0.009,0.332
78,0.969576443,0.387203169,0.854756011,3.078171091,1.063053097,4.288203136,1.648370616,0.157742129,1.24629467,0,4.738095238,1.501883817,1.020277548,0,0.161026303,1.598516398,0,2.775466294,2.109902906,8.4,25.1,0.8786,9.33,28.3,0.01,0.238
79,0.29842455,0,0.724709427,1.411202186,0.405396175,3.438237408,0.48698124,0.278418797,1.303813109,0,5.423913043,0.94375913,1.62097682,0,0.233199331,1.609450338,0,3.414057849,2.517521736,8.4,25.1,0.9713,9.24,28,0.01,0.332
80,0.362017446,0.287886124,0.922414741,0.844907407,0.661458333,3.224448139,1.346969826,0.251604327,1.364320032,0.166405112,3.49537037,0.842821782,1.558548278,0,0.242180864,2.361519608,0,2.320617206,2.850202429,8.2,23.2,1.8028,9.07,30.7,0.099,0.211
81,0.278566558,0.272808435,0.774182418,1.240508534,0.336206897,2.811019125,0,0.123958824,0.660752926,0.101856137,3.184343434,0,0.870375587,0,0.057645638,1.582565001,0,0.539396074,0.607141497,8.2,23.1,1.7373,8.94,31.3,0.104,0.308
82,0.496693526,0,0.795666926,1.771317829,0,2.700170623,3.147124213,0.14561702,0.854951081,0,1.260299625,0,2.112550407,0,0.128774362,1.455491499,0,0.903952546,0.272929641,8.2,23.4,1.79,9.21,31.6,0.094,0.273
83,0,0,0.398979687,3.222222222,0.713888889,3.354433353,1.057012072,0.11686068,1.050687535,0,4.638888889,0,1.693947015,0,0.070457839,1.31372549,0,0.624361168,0.356950067,8.2,23.6,1.5619,10.99,31.1,0.081,0.293
84,0.350123507,0.388182566,0.301137836,2.318181818,0,2.395437263,2.248912899,0.07769023,0.934846341,0,2.477748691,0,1.722675862,0,0.055022816,2.808823529,0,0.628533324,1.198564593,8.2,23.4,1.685,10.34,31.6,0.086,0.2
85,0,0.350088204,0.553980398,2.30657069,0.067275748,2.175307722,2.104247308,0.067621643,0.630042655,0,0.922558923,0,1.666068428,0,0.047832315,1.079294509,0,0.740247023,0.556733964,8.1,23.5,0.6984,7.67,27.8,0.02,0.209
86,4.044476673,0,1.651377218,2.383838384,0.140572391,3.856971158,1.114891812,0.895038571,1.324745616,0.181915118,6.381808279,6.949994999,5.011855132,0,1.094277796,1.872994652,0,3.828264575,3.729951335,8.1,24.1,1.5084,7.64,29.5,0.075,0.218
87,4.809244088,0.423713946,1.678705375,3.177454153,0.421925566,4.63304207,0,1.528645854,1.602468551,0,14.40771812,9.006632702,5.083371214,0.222538382,1.423171282,2.830239863,0.314957224,8.005750707,3.448154554,8.2,24.3,1.6302,8.02,28.2,0.201,0.151
88,2.693659634,0,2.156627405,3.604994903,0.360856269,3.811388441,0,1.151074501,1.56537823,0,5.731785064,6.420928331,5.334462659,0,1.035618377,2.282649757,0.241120901,7.331586587,3.087453107,8.2,24.2,0.5761,8.03,28.9,0.069,0.272
89,1.38779784,0.669948573,0.95402483,1.201213819,0.278011204,4.02721293,0.978947112,0.889565572,1.283711682,0,4.026836158,3.7239371,3.44791504,0,0.748970539,2.15385566,0,5.80085862,2.340302113,8.3,24.3,0.08,8.27,27.8,0.005,0.32
90,0.559870982,0.520099562,1.458375702,2.211279461,1.230113636,2.734336391,1.081272724,1.090925791,0.803446889,0.107852377,1.844594595,0.558730873,13.4032202,0,0.555167901,9.504456328,0,1.03630671,1.066678935,8.2,24.3,0.9544,8.19,28.5,0.183,0.223
91,0,0,1.704055535,1.480974125,0.877853881,1.968165495,1.217538381,1.041226273,0.89397941,0,3.702898551,0.165943307,9.936246484,0,0.643009185,1.328162772,0,0.7672043,0,8.2,24.6,1.0662,8.38,28.4,0.143,0.262
92,0,0,0.660417106,0.989916963,0.266310795,3.24058523,0.500233114,0.435487869,0.58645698,0,2.930851064,0,4.829057806,0,0.231333092,1.547571698,0,1.014797326,0,8.2,24.8,1.0615,7.56,28,0.051,0.273
93,0,0,2.03,3.355,0.4445,6.75,1.2,0.3565,0.46,0.178,1.385,0.353,0.915,0,0.2125,1.3,0,1.155,0.3715,8.5,27.8,6.11,12.3,6.2,0.008,0.108
94,0,0,1.465,2.12,0.54,6.3,1.365,0.1595,0.389,0.115,1.795,0.347,0.2785,0,0.1295,0.31,0,1.095,0.2645,8.49,27.7,6.155,12.26,7,0.008,0.128
95,0,0,1.1,5.5,0.3255,5.55,0.4295,0.418,0.3105,0,1.385,0.52,4.285,0,0.38,0.477,0,1.215,0.376,8.52,27.7,5.297,12.64,6.6,0.228,0.12
96,0,0,1.15,1.46,0.2175,5.35,0.4425,0.182,0.3565,0.22,1.44,0.192,1.31,0,0.227,0.6,0,0.457,0.219,8.51,27.7,5.67,12.14,7,0.016,0.082
97,0,0,1.36,2.615,0.1775,6.05,0,0.128,0.3975,0.1225,1.885,0.179,0.452,0,0.1735,0.221,0,0.4685,0.3755,8.5,27.8,5.807,12.43,6.1,0.011,0.003
98,0,0,1.48,1.605,0.204,7.1,1.57,1.79,0.545,0.54,4.595,1.42,0.2425,0,0.975,0.222,0,1.305,9.95,8.08,11.2,19.015,12.6,7.2,2.701,0.098
99,0,0,0.98,3.9,0.0905,4.835,5.45,1.295,0.52,5.15,4.13,1.195,9.35,5.55,0.535,0.56,0,1.105,0.885,8.1,8.44,19.468,13.19,7.5,5.555,0.166
100,0,0,1.6,3.155,0.3845,7,3.33,1.68,0.505,2.245,8.95,1.435,0.52,74.5,0.825,0.421,0,1.185,1.075,8.37,13.7,20.168,13.23,7.2,5.08,0.116
101,0,0,1.485,1.77,0.545,5.7,2.97,1.21,0.4585,1.08,4.82,2.255,0.4295,4.775,0.915,0.471,0,2.27,1.025,8.42,8.72,19.153,14.99,7.4,8.502,0.14
102,0,0,0.845,1.56,0.425,6.75,1.735,1.355,0.382,0.2405,4.04,1.255,0,1.595,2.3,0.4675,0,1.58,7.7,8.38,8.66,18.007,15.36,7.6,3.181,0.099
103,18.3,0,11.2,3.015,0.8,16.3,1.245,38.2,1.215,0,38.15,9.9,5.15,0.4715,55,2.18,0.2275,12,23.15,8.5,27,4.551,12.48,6.2,0.017,0.001
104,21.5,0.448,38.8,3.48,1.12,24.6,2.435,56.5,0.94,0.469,77.5,19.2,48.35,0.955,63,7.15,0.401,19.9,20.15,8.52,26.8,5.511,12.65,5.5,0.007,0.002
105,3.27,0,6.5,3.155,0.8,25.5,1.78,22.85,0.805,0.1755,29.9,9.35,11.05,0.3845,38.4,6.75,0,10.7,11.35,8.49,27.6,5.877,12.53,6.3,0.001,0.001
106,22.7,0.3345,7.7,4.2,2.74,19.55,2.105,29.15,1.14,0.3505,37.15,19.25,27,0.345,41.95,5,0.454,21.85,17.95,8.53,27.2,5.215,12.77,5.6,0.008,0.003
107,19.35,0,7.4,3.64,1,13.2,1.9,19.35,1.22,0.925,17.65,8.7,21.85,0.318,29.25,2.015,0,11.25,11.9,8.49,26.9,5.876,12.56,6.1,0.01,0.001
108,0,0,1.385,3.14,0.64,8.15,1.245,0.2835,0.425,0.183,1.605,0.3845,5.05,0.2635,0.384,10.9,0,1.02,0.86,8.49,27.3,6.836,12.38,4.5,0.045,0.152
109,0,0,2.485,0.81,0.675,7.85,0.715,0.3155,0.403,0.735,0.94,0.4755,9.25,0.4595,0.62,9.85,0,1.82,2.745,8.5,28.1,6.532,12.65,4.6,0.025,0.12
110,0,0,2.335,0.52,0.9,5.3,1.205,0.3685,0.4875,0.15,2.395,0.51,1.57,0.312,0.1935,11.15,0,1.17,0.525,8.52,27.8,6.154,12.85,5.1,0.042,0.117
111,0,0,2.63,0.725,0.72,7.2,1.135,0.4495,0.371,0.525,1.635,0.38,3.8,1.35,0.4235,11.9,0,1.345,7.85,8.5,27.5,4.525,12.56,5,0.027,0.098
112,0,0,2.67,1.365,1.04,5.7,0.885,0.605,0.4965,0.192,1.4,0.392,4.84,0.166,0.99,0.885,0,0.61,0.615,8.52,26.9,6.406,12.75,6.8,0.075,0.106
113,0,0,2.91,3.165,1.06,7.35,1.505,0.122,0.3855,0.192,3.77,0.53,0.376,0,0.1745,0.2535,0,1.025,0.815,8.46,26.9,7.147,13.19,6.1,0.008,0.001
114,0,0,1.35,1.885,0.755,7.75,0.495,0.077,0.439,0.1305,3.02,0.3735,0.505,0,0.0825,0.3155,0,0.945,0.655,8.45,27.3,7.658,12.77,5.9,0.018,0.001
115,0,0,1.38,2.23,0.715,4.355,0.64,0.074,0.3775,5.7,1.435,0.344,0.88,0,0.1545,0.615,0,0.925,0.505,8.44,27.6,11.553,12.76,5.7,0.036,0.001
116,0,0,1.815,1.46,0.3535,7.7,0.81,0.0675,0.3865,0.3725,2.565,0.266,1.255,0.305,0.2315,15.4,0,0.985,2.825,8.49,27.7,3.473,12.62,6.3,0.066,0.001
117,0,0,2.51,1.32,0.3905,9,1.46,0.13,0.2715,1.74,2.78,0.345,4.14,0.271,0.186,11.75,0,1.07,0.53,8.46,27.2,3.855,12.53,5.7,0.121,0.001
118,0,0,2.405,2.675,0.257,8.15,0.835,1.805,0.89,0.25,4.205,1.065,0.825,0,1.19,0.464,0,2.125,1.155,8.42,27,8.437,12.39,5.7,0.251,0.079
119,0,0,2.27,1.55,0.1275,12.5,1.945,1.48,0.8,0.187,1.665,1.005,0.895,0.162,1.23,0.73,0.4775,2.09,1.05,8.44,26.7,7.571,12.58,6.3,0.285,0.093
120,0,0,2.64,5.8,0.149,9.1,0,1.46,0.65,0,3.685,1.595,0.575,0,1.175,1.19,0,2.47,1.08,8.44,26.7,8.144,12.71,6,0.357,0.074
121,0,0,2.33,3.065,0.0915,7.9,0.585,1.415,0.487,0.393,1.855,1.26,1.865,0,0.88,1.3,0.26,2.43,1.05,8.44,26.7,7.348,12.57,6.7,0.327,0.081
122,0,0,2.865,2.155,0.2005,8.25,0.965,1.21,0.409,0.1665,3.335,1.62,0.825,0.2985,1.005,1.265,0.375,2.445,1.025,8.42,26.7,7.878,12.55,6.2,0.245,0.117
