,NR,amoA_A,amoA_B,amoB_A,amoB_B,amoC_A,amoC_B,ansB,asnB,gdh_K00260,gdh_K00261,gdh_K00262,gdh_K15371,glnA,glsA,gs_K00264,gs_K00265,gs_K00266,gs_K00284,hao,hzsA,hzsB,nao,napA,napB,napC,narB,narC,narG,narH,narI,narJ,narV,narW,narY,narZ,nasA,nasB,nifD,nifH,nifK,nifW,nirA,nirB,nirD,nirK,nirS,nmo,norB,norC,nosZ,nrfA,nrfB,nrfC,nrfD,nxrB,ureA,ureB,ureC
1,76.646023,0.444991,0,0.571832,0,0.326598,0,38.237072,247.323933,1.510635,121.783062,92.146825,150.670446,591.378545,139.336988,9.501269,284.242564,349.668119,124.461393,0.182993,0,0.236244,0.777217,12.744321,0.170325,1.324685,25.908072,2.533361,3.13506,34.890191,11.548705,9.729363,0,0,0,3.923239,124.355478,7.374093,4.423498,46.312369,10.844493,0.282712,65.879122,95.470713,32.131345,53.327418,19.687196,589.486082,0.291733,0.282351,131.772276,1.583375,0.031879,39.551026,0.04643,0,34.244571,39.87818,64.556619
2,68.094171,0.481148,0,0.653911,0,0.905068,0,27.168909,202.169571,0.513829,99.130586,73.04634,114.357838,454.261767,128.716694,16.144145,228.872216,279.708088,89.524813,0.041579,0,0.04586,0.54946,8.524172,0,0.34624,18.437176,2.105006,1.800418,26.314455,9.295451,8.795493,0,0,0,3.196689,103.090741,3.801813,2.706901,40.952538,9.939539,0.325004,46.138755,70.540092,24.924671,43.151996,19.051497,460.735778,0.26956,1.747741,85.829317,0.337619,0,28.707856,0.018892,0,23.289637,36.435957,47.282783
3,67.559379,0.70858,0,0.686911,0,1.430193,0.148814,36.595842,225.090824,1.412091,107.835043,90.616485,130.36711,507.372019,130.530504,11.170558,233.140593,297.261033,111.028637,0.206176,0,0.04872,0.815984,10.017677,0.049252,0.266772,18.865401,2.571891,2.287455,30.383043,9.907817,7.907888,0,0,0.264955,2.821792,105.749455,6.236561,2.675034,45.454661,11.229793,0.254323,59.106255,74.011055,27.843533,40.186273,21.676689,527.628132,0.080478,0.100332,107.533736,0.212275,0,36.705696,0.021743,0,25.756542,41.878512,56.396967
4,79.593763,0.333473,0,0.357138,0,0.954851,0,41.816629,277.557036,1.880477,125.479255,119.703025,156.941305,596.773069,150.641199,7.96855,295.671136,365.03881,145.784987,0.062755,0.120412,0.156115,0.735931,12.504744,0.258011,0.818035,22.074598,3.479275,5.545951,34.002833,8.819535,9.262071,0,0,0.128354,4.835096,130.698566,7.228258,3.672256,47.709829,9.563033,0.697236,62.416694,94.035319,33.670176,53.983157,20.482033,632.092697,1.746044,0.260362,126.079808,0.731912,0.212023,33.89915,0.2082,0,26.499901,36.910873,65.168204
5,78.04236,0.346161,0,0.396079,0,0.644031,0,33.228007,228.559885,1.189611,106.94997,87.442401,129.217567,523.857464,137.456505,11.718687,256.317282,318.009836,121.359402,0.164734,0,0.039203,0.522748,9.819259,0.046089,0.154195,19.440525,2.157975,2.490506,33.024044,9.244528,8.031987,0,0,0,2.786454,108.313273,4.687867,3.222745,48.642931,10.594278,0.468918,53.797624,70.144929,27.644396,40.289828,19.940401,557.877532,0.060766,0.142738,105.938132,0.420129,0,32.872886,0.060062,0,27.452095,40.859669,54.43448
6,59.412472,0.305858,0,0.682447,0,1.170395,0,28.739058,184.435642,1.379014,89.899891,92.685051,99.219136,350.415,92.608103,15.415698,180.404889,235.684444,77.820133,0.166072,0,0.134556,0.31437,15.981952,0.354776,0.837519,20.068733,2.064018,5.128062,18.099632,3.277962,8.018058,0,0.030874,0.145718,2.833921,129.401547,2.702841,2.440281,21.790744,3.406559,0.338235,50.303033,58.994899,22.218921,41.443777,17.375953,381.487957,2.190047,0.704474,70.513667,0.761587,0,18.843327,0.037374,0,11.970567,11.656099,44.782067
7,70.56279,0.799523,0,0.495211,0,0.924126,0,32.967637,222.48371,1.143995,123.402801,98.134807,136.723727,470.031122,120.291266,14.392468,251.007964,320.729077,102.633942,0.68062,0,0.08769,0.700822,19.313978,0,0.274175,20.161991,1.945557,7.631988,21.510199,5.255636,10.215509,0.484445,0,0.113159,3.070201,121.508532,3.144209,2.837807,28.453715,5.749047,0,60.064781,73.982583,25.247846,49.899936,24.449897,534.190403,0.569373,0.585103,85.978775,2.520789,0,24.641303,0.060886,0,20.719975,28.655466,54.337033
8,63.813022,0.449543,0,0.411757,0,0.628189,0,28.82696,226.106813,1.189508,101.027759,83.273206,121.860743,398.487476,114.195299,12.048007,217.884229,269.429233,90.683897,0.166429,0,0.115948,0.595276,17.068804,0.126332,0.667222,20.266708,2.295556,5.70796,21.832441,4.269816,10.33939,0.107739,0,0.281863,3.002667,113.104599,2.634366,2.261774,20.207968,4.818921,0.250002,49.693324,69.617292,19.23892,42.519792,19.298755,463.435709,0.643499,1.053596,82.833791,0.935874,0,22.495384,0.027099,0,22.232465,23.542617,45.797429
9,64.31235,0.338694,0,0.554565,0,0.749591,0,29.624943,228.5801,2.015462,98.167671,79.583088,125.611242,447.637457,107.634791,13.089185,240.005146,293.43336,84.269909,0.20607,0,0.104608,0.801676,15.538168,0.082758,1.206996,18.488382,3.930351,6.844161,24.036244,5.605984,9.954983,0,0,0.089881,2.890976,117.653948,3.365995,2.234718,24.014672,5.329278,0.142007,49.777262,67.478561,25.802492,44.54819,17.746382,458.416462,0.803228,0.437898,81.593505,1.356429,0,23.969621,0.03824,0,21.296555,31.04959,48.585108
10,70.685782,0.348379,0,0.513924,0,0.545955,0,27.452309,197.519957,0.74587,98.25872,82.72532,126.034503,414.340281,110.932491,13.317586,214.034114,285.749234,91.168876,0.65271,0.204404,0.247219,0.651727,20.862459,0.074295,0.58396,19.822404,1.868192,5.529378,22.695096,3.887423,10.047991,0,0,0.312106,3.322684,115.763481,3.595853,1.873102,22.327333,5.06503,0.192083,48.009681,68.89465,27.735128,45.236155,18.448142,439.635724,1.164916,0.608008,80.894934,2.212566,0,23.727644,0,0,19.26008,18.905696,46.936203
11,84.98324,0,0,0.058111,0,0.056704,0,31.534446,326.793327,2.315204,146.544294,77.322636,208.858301,909.719659,129.639138,6.734595,491.462,549.892604,116.07727,0.09068,0.190035,0.015212,1.727094,14.177852,0,0.309375,29.310017,10.551925,4.211729,70.395267,12.698034,9.33499,0,0,0,1.431859,186.532291,5.699153,6.893656,61.439561,17.139764,0.566918,78.061415,99.488922,40.295458,53.941216,25.850587,728.426927,1.87348,0.329755,102.863319,0.224941,0,56.759259,0.064977,0,52.74269,64.427248,100.765979
12,80.988054,0.267555,0,0.116084,0,0,0,31.830163,338.554032,0.783489,139.803847,84.48347,194.678407,870.462037,127.458031,5.749602,444.973361,505.696184,130.123121,0.159147,0.113494,0,1.263474,17.554426,0.125493,0.910187,30.494759,7.568147,4.074506,67.407393,13.949409,9.918627,0,0,0,1.835042,181.486063,5.947668,5.388555,53.196968,16.327324,0.402557,83.316397,99.598878,44.059917,56.232671,26.575479,712.115486,2.292104,0.065697,117.787973,0.948871,0,59.45743,0.107491,0,50.862876,61.616335,96.397103
13,72.524333,0.035825,0,0.069793,0,0.044765,0,26.048366,352.36815,1.468449,121.52582,69.377792,190.235894,812.828465,120.456827,7.014796,467.622263,472.798188,102.012475,0.223977,0,0,0.655724,16.644781,0,0.211447,21.235874,10.574525,3.745283,68.711051,9.804042,8.079376,0,0,0,0.884439,152.31314,4.486785,4.797569,43.58659,11.809204,0.364374,55.418582,79.332211,34.74263,49.6422,21.9877,636.036636,1.374549,0.095396,89.627514,0.287544,0,45.4977,0.195548,0,51.584592,64.102133,101.335937
14,95.165437,0,0,0,0,0,0,24.497207,284.70542,1.643654,130.79716,93.137912,194.056455,882.275797,143.392275,7.295876,423.133571,517.645193,119.446845,0.216129,0.330791,0,1.443494,18.669115,0,0.861741,39.741347,6.662231,4.646611,61.608993,18.585804,11.515678,0,0,0,3.303644,176.067075,5.859052,7.984437,77.340946,22.266567,0.265383,92.396157,108.819758,55.93793,54.193586,22.067776,697.507092,2.156753,0.82021,105.971645,0.60508,0,67.60959,0.110865,0,67.521228,64.292458,101.154275
15,76.959666,0.934106,0,1.402057,0,3.088887,0,27.442849,248.132247,1.624129,93.0264,93.194577,142.362664,503.276713,111.547847,12.249639,282.638984,321.326017,82.308099,0.297948,0,0.297739,0.415277,29.690481,2.720406,2.025979,29.117631,5.700064,4.929414,28.816794,6.684987,8.826337,0,0.557429,0,6.509757,201.088974,4.025006,3.836233,35.335078,6.450712,0.300781,62.532463,71.576987,29.314394,51.147765,28.403513,475.173105,4.398581,5.28604,75.596379,2.684178,0.066016,27.711065,0.453813,0,17.261478,27.032363,51.707113
16,84.965977,1.076228,0,0.762548,0,2.201086,0,30.15651,214.893785,5.244091,85.928675,76.090915,141.960581,471.413379,124.506521,17.651433,245.034308,291.48054,79.110453,0.262877,0,0.313933,0.251745,26.766042,3.378385,2.9439,29.095034,2.851075,4.892368,26.444269,10.430656,10.421238,0,1.20737,0,11.978114,165.076045,3.978427,4.787547,32.306599,7.750347,0.38938,57.972614,76.817915,30.831778,42.232142,28.760759,437.701164,5.572689,7.812099,83.379724,3.155983,0.100646,23.861337,0.603655,0,19.549654,31.638689,47.951018
17,74.45475,0.490342,0,0.404549,0,1.036948,0,27.550703,168.401054,5.590131,74.492769,73.311537,114.92531,362.709901,130.577719,24.920844,190.163123,217.043936,48.878061,0.312011,0.096888,0.329201,0.110691,22.648599,4.404451,4.088131,26.094936,3.973594,4.38312,23.116214,6.768628,9.525179,0,0,0.107889,9.958249,179.065414,4.540074,3.694251,21.287402,4.518102,0.309289,51.852453,71.742839,25.427876,36.635808,23.077495,339.198827,7.227763,4.560381,62.32586,1.92833,0.072547,19.920087,1.504399,0,13.98093,28.524471,34.415491
18,55.351604,0.44571,0,0.233492,0,0.377514,0,19.440802,129.021093,1.369998,55.171,59.990134,70.273733,255.860887,89.359698,19.835864,124.294793,169.615408,60.730327,0.313245,0,0.153621,0.123776,9.123858,0.579925,2.125778,17.41291,1.587329,3.222268,13.898055,4.144905,5.07457,0,0,0,6.53961,130.743954,2.752245,1.879735,13.869752,3.159258,0.111776,30.304481,42.836082,13.894887,32.838654,15.793132,243.789537,3.662108,1.737807,54.584113,1.718937,0,12.334592,0.270782,0,9.102425,10.908861,24.008632
19,62.649273,0.300578,0,0.52759,0,1.218519,0,21.779889,136.834359,5.755902,64.128977,64.052386,75.235338,280.433934,91.974476,22.013027,141.998472,183.40165,65.497837,0.056492,0,0.170104,0.153679,9.863512,0.75486,0.948755,19.608477,1.876512,3.626269,14.530996,5.386654,6.789349,0,0,0.423003,10.491484,133.166099,2.896541,2.156727,20.862288,2.648516,0,35.580439,49.48321,15.190544,35.565309,19.627933,273.05152,3.599597,0.999762,63.040216,1.996756,0.461587,14.137609,0.628117,0,9.046811,10.981555,28.573144
20,94.068116,0.614105,0,1.24817,0,1.264141,0,30.448719,302.872421,1.03486,139.004664,100.585523,153.24794,795.407997,141.453494,11.195176,370.285291,453.493495,124.576475,0.093132,0.256224,0.084113,0.504833,16.297827,0,0.995698,38.496438,4.297076,5.803692,42.493965,12.194441,11.047965,0,0,0.2471,3.574336,181.500713,4.787119,4.445325,61.271103,12.265838,0,82.453771,90.111208,39.490864,70.521366,32.501388,675.641152,0.486204,0.377752,112.285887,0.313718,0,44.004559,0,0,34.800804,43.393593,83.695758
21,70.813903,0.941888,0,1.291146,0,1.251707,0,26.645687,216.489927,1.130313,96.835234,96.867272,119.96494,479.869198,124.398296,14.756504,304.878876,335.982014,91.078561,0.3368,0.137074,0.030405,0.26199,12.587878,0.331564,0.390724,20.574492,2.918267,5.739966,24.95044,4.459744,13.275524,0,0,0.146076,4.139656,159.547161,3.527836,3.372371,25.903816,3.93325,0.306859,50.01063,60.729953,21.181232,38.313746,24.836023,559.754954,0.453445,0.260509,88.069068,0.384178,0,27.466754,0.137443,0,28.193715,25.246891,51.865224
22,67.252558,1.406763,0,1.238555,0,1.398032,0,18.055265,180.702726,0.499216,78.855965,82.239473,86.105669,361.620198,89.511181,20.503629,207.129991,233.648368,59.1638,0.4252,0.133727,0.120184,0.332393,11.505704,0,0.647557,24.141527,2.055751,7.167436,17.30247,4.062946,5.859429,0,0,0.142358,3.093874,162.104461,2.77363,2.12589,21.015954,4.130596,0.265476,46.662878,49.456952,23.097605,32.087669,16.773862,387.26968,1.529462,0.502254,63.282578,0.519144,0,22.572526,0.058077,0,14.048205,16.127252,45.597637
23,73.761771,1.303305,0,1.004301,0,1.544538,0,24.602434,180.885664,0.671334,71.260153,79.510539,84.953733,432.728742,94.178755,20.156607,212.259378,257.123609,62.947797,0.717828,0.10051,0.27625,0.174593,11.723724,2.360193,2.71633,26.014645,2.992991,7.062463,23.06061,6.516672,7.193905,0,0.074072,0.773374,3.366183,154.811379,6.104996,3.779366,20.988335,6.178374,0.056259,49.351165,54.67428,22.953871,33.065137,19.903171,369.861366,0.805335,1.335387,69.239592,1.846204,0.192193,20.955694,0.189624,0,25.779075,30.871724,52.212916
24,108.773994,0,0,0.129476,0,0.12441,0,35.025509,293.674,1.220304,99.495247,88.595629,138.795492,687.917374,131.493046,24.871567,291.603016,384.13153,94.337642,0.200837,0.090043,0.297342,0.467082,13.774596,0.385573,0.217963,48.540855,6.370045,2.658011,46.620431,13.584972,13.366213,0,0,1.23137,8.916133,168.456113,7.779772,3.583221,43.172245,12.699307,0.10917,72.545024,110.738497,39.623457,53.857724,30.314355,516.21297,1.451389,2.779503,75.013053,0.970203,0,35.095898,1.370553,0,30.635923,43.447697,86.537876
25,103.634259,0.054326,0,0,0,0,0,35.239677,330.479949,2.135465,117.436165,86.385874,172.152036,870.431102,137.869016,13.392563,412.877864,461.907509,97.456322,0.229097,0.255854,0.42681,0.27707,15.243822,0.246206,0.60166,47.63304,5.947152,6.619405,53.47249,16.575895,20.762474,0,0.500467,1.36107,19.476454,177.920024,14.764656,5.834526,44.919641,11.369229,0.830807,81.480504,111.384575,46.912691,71.180616,32.518118,620.225914,3.105772,3.772877,90.179313,1.22267,0,37.323372,2.2118,0,37.844051,44.838064,90.801566
26,115.434585,0.121401,0,0,0,0.045135,0,40.514054,331.522818,1.120798,123.738473,86.015845,174.150928,886.544387,145.065929,13.42835,389.121656,465.298039,97.085019,0,0,0.340076,0.399969,15.352224,0.062059,0.100443,58.850287,6.809598,7.0978,57.96058,19.379684,21.695532,0,0,1.76474,20.901592,181.869629,13.447307,6.376837,56.475334,16.035777,0.403675,97.655556,115.250925,52.259355,68.334847,34.135343,628.484836,2.935591,4.216727,89.204844,2.752529,0.025838,46.331441,3.344481,0,40.606334,49.83675,87.997181
27,108.059034,0,0,0.266984,0,0.185902,0,33.893532,312.342944,1.48208,116.058915,78.900477,160.122514,737.628992,134.112094,17.57711,333.207751,406.15849,91.331669,0,0,0.306826,0.32979,12.432949,0,0,44.739269,7.278543,10.05232,50.441743,13.659219,20.281853,0,0,0.971057,9.615503,170.197295,8.498972,4.554651,39.708265,13.875337,1.11829,83.029805,106.116291,43.915914,56.619994,30.67944,583.99338,2.602597,2.985398,79.562739,2.11545,0,35.369365,2.219491,0,44.119624,47.233241,80.327357
28,103.312154,0.138203,0,0,0,0.097792,0,35.276159,352.013602,1.856478,124.439543,94.259365,171.774142,822.409333,160.472627,17.170699,353.907056,452.778829,115.993667,0.278572,0.243498,0.374694,0.16474,17.168672,0.056821,0.249445,50.21868,7.772465,4.015769,50.391223,14.44062,10.204712,0,0.480189,0.27997,6.666393,175.955935,9.944108,4.279533,51.052419,20.964314,1.12298,97.896584,103.165205,49.151473,79.615769,32.599766,628.800386,2.772623,2.431272,99.324454,2.459022,0,46.453105,1.076081,0,49.952856,58.243248,98.738746
29,79.692343,1.290577,0,2.409982,0,2.768725,0,28.26318,277.982584,14.408639,93.588014,86.977348,168.03763,531.68143,112.467008,13.305526,293.922178,326.89965,64.398634,1.12285,0.13131,0.295295,0.305365,25.942688,3.302498,11.224763,35.531283,3.527456,13.744488,34.391811,7.652277,10.995163,0,1.835685,0,10.850009,215.687013,6.270476,3.648545,19.331105,4.790292,0.318991,54.521319,91.212712,36.029135,47.955347,26.566878,450.152196,3.624382,2.889611,74.646105,2.530411,1.222623,23.680471,0.937064,0,19.671397,29.874932,65.099948
30,105.74529,0.880091,0,0.856353,0,1.652442,0,66.880979,331.768701,5.892188,81.63219,115.0431,189.811654,502.732313,174.285028,26.281035,276.978314,349.536708,70.769501,7.376228,0,0.235392,0.183799,69.896602,18.426195,14.475811,55.509912,6.506433,20.629765,30.692032,7.889386,16.547389,0,2.114009,1.642512,27.022083,175.190895,7.38895,13.66563,21.753392,16.349409,2.710371,102.353246,145.206178,47.457629,44.096798,29.986172,518.628282,14.030913,8.903899,87.505445,18.385836,1.829093,34.955001,5.024651,0,20.16074,51.168041,58.666804
31,110.783917,0.416708,0,0.993455,0,1.006984,0,57.035879,355.876422,5.166549,81.416628,129.613054,210.82633,541.290229,198.996134,29.734956,313.535642,416.035046,80.999256,2.532847,0,0.348243,0,96.899348,27.456498,21.193399,58.234671,10.195923,26.895214,35.235973,9.780841,20.447586,0,3.124825,0.902256,41.943711,213.003726,9.176731,27.552185,29.341627,19.199599,4.963334,110.919273,173.371739,53.667669,41.215553,39.846168,523.027906,16.445614,9.53871,80.210589,19.42126,9.610968,39.483675,11.388846,0,20.65804,65.17757,57.727411
32,112.370744,0,0,0.684743,0,0.077719,0,59.675834,367.625599,5.968893,116.451781,141.851695,243.153663,527.921989,227.572408,29.172054,273.523419,351.857887,88.662773,4.676015,0,0.235355,0,115.491894,39.051584,25.993792,51.125311,8.187812,22.169542,57.483477,14.703667,27.132971,0,4.663662,4.140757,57.195049,228.34402,6.000834,16.29667,23.833501,14.625927,3.171453,96.959564,217.494168,66.103942,48.37426,40.135708,549.611083,19.16965,11.209223,97.455713,24.788952,1.004771,53.415651,8.889359,0,19.438308,50.122758,59.795939
33,102.880219,2.650114,0,2.673946,0,2.241622,0.1412,40.442408,314.603812,1.853494,122.947562,61.083474,154.370327,679.056961,134.525011,12.205763,403.455925,392.881039,74.090327,0.059267,0.34179,0.067669,0.025477,27.621239,5.693792,12.102524,26.156872,23.343848,6.222417,50.327876,6.292458,36.48864,0,1.40676,0,5.042581,237.241459,3.115849,1.203307,14.675256,5.096797,0,44.357708,92.404876,44.761276,35.00694,32.290281,553.976917,5.671403,4.608127,76.999849,2.294491,0.289482,34.701138,0.524869,0,26.903148,25.228429,57.520206
34,113.613916,2.196663,0,1.822285,0,3.446925,0.071275,45.596375,318.251353,4.586902,141.089398,96.755919,193.409616,856.833651,161.570331,13.368732,443.029752,498.801733,82.772827,0.036094,0.14741,0.494964,0.125294,23.624694,8.461991,11.157388,43.033961,14.809968,7.825845,58.986009,12.829004,34.616733,0,0.420095,0.075267,8.403751,221.122003,8.381646,1.274878,22.209139,5.669724,0.030359,61.235513,104.805322,56.990915,52.23028,46.15998,705.917307,5.461807,5.060442,117.763478,0.57159,0.051886,49.772133,0.182587,0,34.545209,30.552985,74.011072
35,109.640921,2.657295,0,2.598531,0,2.752139,0.11121,42.154306,387.381567,1.396575,138.02206,77.145322,188.374508,918.105597,135.179677,12.833593,483.896656,511.519131,84.571681,0.126726,0.121433,0.057016,0.060622,25.387528,7.89555,10.001677,34.226543,17.075195,6.146124,70.187461,8.742298,36.246171,0,0.306111,0,6.085623,221.868293,3.421285,1.252332,23.584095,7.157644,0,57.561703,96.202618,52.25113,49.109231,37.791363,685.482635,3.107262,3.806267,95.00287,0.77071,0.221464,38.859649,0.536064,0,33.208466,35.544973,77.605614
36,102.099605,2.785881,0,3.068498,0,3.690412,0.064384,36.458751,386.333808,1.226206,126.073848,69.102948,180.400286,894.948146,124.683661,13.937562,497.449397,501.243913,78.516822,0.190104,0.028629,0.029259,0.061428,20.727131,3.264074,5.298982,31.397624,18.732443,6.571051,73.413701,6.939884,33.030231,0,0.152064,0,5.503876,227.496905,3.109037,1.347091,20.891854,6.521803,0,52.122593,83.670575,46.174083,45.656079,34.037074,649.100908,2.610653,2.533912,89.22869,0.658242,0.11244,39.54676,0.558473,0,34.152698,28.814973,72.281094
37,122.059651,2.857637,0,2.874678,0,4.244849,0.179453,47.774594,428.510928,2.069185,161.089899,88.565261,211.248102,1093.6901,162.890267,12.01721,570.195353,616.599989,94.249154,0.327077,0.030895,0.128563,0.098563,25.101525,6.00604,7.40694,34.668437,16.705604,7.797185,82.883844,12.008801,41.150881,0,0.458557,0.131301,5.525093,229.332552,4.799057,1.717196,31.693506,9.79929,0,64.526047,113.206744,52.37784,61.63403,43.636769,851.035857,2.667729,2.696567,116.356616,0.778794,0.12234,55.978522,0.369357,0.263018,44.34694,39.603224,84.837354
38,86.943441,0.477623,0,0.425385,0,0.280559,0,22.286726,171.043091,0.373115,78.673621,51.260276,97.226157,469.000022,95.159046,21.763901,209.497559,266.777505,38.656472,0.104782,0,0.308962,0.252352,12.535532,4.427401,5.078071,24.775617,9.263601,3.05154,41.71788,9.700589,13.366668,0,0.023549,0.159419,7.101281,142.959639,5.708632,1.096174,16.984848,5.040176,0.108032,38.616332,62.327469,24.011727,37.993072,19.755482,337.752691,3.016753,3.455429,70.215524,0.832917,0,25.919861,0.186312,0,22.762638,25.53988,41.78104
39,124.158078,0.577607,0,0.550611,0,0.883777,0,34.254885,220.926999,0.37573,105.919674,58.827282,142.812433,718.875943,135.368981,17.507205,284.18706,381.000051,43.091996,0.132851,0.002905,0.535036,0.280728,21.443102,11.593064,12.715717,44.13802,11.721695,4.696518,58.874501,17.200267,20.977025,0,0.224644,0.298768,10.819507,186.921754,8.769782,2.468788,25.990398,7.476952,0.657576,65.002538,97.404309,41.7167,53.192255,33.726741,489.481407,5.019773,5.414487,91.41637,1.587109,0.336514,35.928459,0.577733,0,43.757789,46.53979,71.827482
40,101.321895,0.680548,0,0.884875,0,0.640808,0,26.294757,188.364056,0.308045,90.117654,52.591624,112.393677,590.509976,112.112017,18.290442,247.417218,320.888783,39.097913,0.041944,0.059442,0.346869,0.144344,15.185318,6.451638,6.558019,29.71009,11.165204,3.333699,49.538127,11.38177,19.955509,0,0,0.185118,10.161504,157.223037,6.934496,2.127111,18.408438,5.444592,0.163667,48.096766,74.391472,32.3584,43.2785,23.728384,399.227062,3.036559,3.704564,76.406948,1.204967,0.239119,31.333812,0.256285,0,32.883425,31.993603,50.234751
41,122.951278,0.371401,0,0.45688,0,0.249879,0,31.311886,195.10097,0.241766,97.073984,54.760705,148.816181,702.706526,137.525977,17.04682,257.958538,369.84445,35.896537,0.085771,0,0.449489,0.296336,21.962576,12.00097,14.161883,43.999242,11.381406,3.60492,56.10357,17.065998,21.012544,0,0.096609,0.192908,13.150628,180.042681,10.230113,2.528488,27.073833,7.807658,0.53354,70.415023,96.155906,41.159582,47.787873,33.985163,475.406581,6.62436,7.028893,96.0164,1.178192,0.134503,40.840222,0.370586,0,48.645419,50.425694,70.376354
42,109.673568,0.292282,0,0.200184,0,0.214638,0,26.254197,175.659456,0.195855,87.389279,49.716412,115.691532,568.922997,120.703454,15.367996,226.551228,311.27947,32.464747,0.120726,0.002492,0.381629,0.166978,17.372245,9.619793,10.071503,36.814975,7.657396,3.407817,45.253957,12.945565,16.936564,0,0.035645,0,9.925012,142.9884,8.348288,1.7257,23.591739,6.193039,0.298937,56.431837,78.166669,31.228035,39.737041,28.972614,408.719046,4.479633,6.163954,80.31709,1.227368,0.107905,29.775527,0.150806,0,35.623199,33.715391,59.850532
43,97.292254,0.280506,0,0.578361,0,0.302194,0,18.678173,230.140312,0.415777,93.690022,58.25721,111.682477,682.750485,106.024109,12.79727,246.612816,350.032288,51.963948,0.035362,0.067455,0,2.384974,9.830766,1.238893,2.817565,18.990106,17.067649,3.028403,76.16746,24.448088,6.474362,0,0.132732,0,1.359579,173.222532,4.151134,1.962426,56.433512,12.259054,0,63.923332,88.49741,45.298157,42.910864,16.475247,468.96199,1.303922,1.206019,80.848231,0.273469,0.240128,46.63827,0.350712,0,46.732827,41.673272,63.514516
44,105.330735,0.510328,0,0.507655,0,0.192349,0.056893,24.378339,251.116117,0.667954,113.919321,80.894212,129.6798,797.897025,121.083838,9.811988,264.860634,406.578856,61.362571,0.05266,0.014611,0.004898,2.574893,9.52236,1.36823,2.762191,22.935665,13.502983,2.90191,75.214391,30.927641,5.883597,0,0.38224,0,2.814992,177.080688,5.32903,1.774186,75.617167,15.967546,0,76.42473,107.76202,56.976125,53.008879,18.458459,565.511715,1.640623,1.308852,104.410611,0.527005,0.219671,56.559529,0.721738,0,57.115977,53.128056,72.507404
45,100.32572,0.215419,0,0.1066,0,0.081886,0,30.132472,250.257945,0.849867,146.721842,115.400859,164.549952,840.13929,140.121142,6.722128,270.496386,431.189875,81.56694,0.019575,0.127397,0.02026,3.285061,12.455034,3.718028,6.593313,27.264184,8.802797,4.255597,67.865082,40.042681,7.810609,0,0.369756,0,3.145517,190.712208,5.840147,2.483345,79.715979,19.038392,0,82.975829,142.350394,60.725016,53.7054,21.513278,661.513158,5.582363,6.347588,143.744854,1.328784,0.310873,69.655533,0.691722,0,58.915924,54.980723,85.386378
46,95.562692,0,0,0.093258,0,0.096299,0,27.716878,227.526899,0.596473,123.469205,100.063517,142.954377,724.06637,124.000429,7.644259,237.453864,384.719293,69.888519,0.039072,0.190844,0,3.136959,11.989707,2.741006,8.199275,21.611787,9.770834,2.958068,64.597022,28.200656,5.929133,0,0.518426,0,2.205523,167.897896,5.084688,2.152219,74.722711,17.328824,0,67.615786,117.026687,52.472979,47.672359,20.293812,588.614459,4.052504,5.411637,119.053046,1.107566,0.551321,55.726818,0.676893,0,49.415224,49.881936,71.946849
47,101.511281,0,0,0,0,0,0,29.139894,259.322549,1.165583,115.722904,82.552543,142.117223,749.071938,123.869833,10.062316,294.490474,420.792729,81.084212,0.060027,0.206694,0.127343,0.691649,13.949805,0.748164,0.610522,26.829814,8.655079,2.7203,46.512923,16.104276,7.973002,0,0.015873,0.329876,2.014806,178.245055,5.730939,7.357163,84.253649,22.541577,0.161933,86.792296,82.63051,49.901406,46.098787,26.277073,582.277787,2.170808,1.341409,91.902262,0.527062,0.095719,50.867313,0.820656,0,46.768545,48.944418,71.908081
48,70.323649,0,0,0,0,0.137671,0,24.0446,203.427542,0.662402,86.508991,63.577638,99.597298,477.694487,90.002122,8.675249,204.529082,269.172159,56.109354,0,0.133743,0.066587,0.320809,10.485436,0.690303,0.444725,20.618284,9.48262,1.992057,33.361809,9.311357,5.168274,0,0,0.09278,2.630355,136.122443,4.141224,6.555703,49.023547,13.006571,0.043848,54.519521,58.050575,32.649441,34.824934,23.959912,406.247647,1.820339,1.213516,63.119914,0.545696,0.028704,31.209192,0.392419,0,28.018706,30.60429,48.842608
49,52.960721,0,0,0,0,0.065001,0,23.479756,162.504519,0.718631,66.470306,55.626634,72.449986,355.75883,78.990542,7.570207,130.350296,202.626111,46.55756,0,0.102599,0.015909,0.10644,11.46371,0.105504,0.245114,16.069044,10.752697,1.861574,24.278726,7.368024,3.428249,0,0,0.202839,2.351692,103.125637,4.031601,6.594412,39.52362,10.650994,0.033944,49.491251,50.79286,24.063338,30.705541,17.64248,296.528258,1.982215,1.639795,54.287357,0.19014,0,22.104741,0.180194,0,25.68244,23.538698,39.894228
50,80.420028,0,0,0,0,0.049091,0,24.950712,227.860862,0.916025,99.263816,67.767124,114.607797,614.502049,104.420127,9.787427,247.006265,349.547415,64.160374,0.008023,0.059984,0.054633,0.463613,11.292498,0.284706,0.557878,21.888398,9.636554,3.142582,41.532032,13.98766,6.713389,0,0,0.581634,2.777464,146.238994,5.037594,6.048366,66.593028,16.711431,0.055835,62.280369,65.664205,39.418869,38.410305,20.412692,476.85926,1.832447,1.31292,74.402357,0.418537,0.04456,45.288617,0.580126,0,42.027028,47.980362,56.272775
51,78.964873,0.023362,0,0.028312,0,0.14204,0,27.453081,248.926431,1.00097,101.516913,73.930278,118.377357,609.439036,110.771941,7.895666,249.924437,351.613653,73.191879,0,0.091044,0.055043,0.402894,13.615459,0.754551,0.416893,22.270097,12.703789,2.337901,40.38851,12.542953,7.470324,0,0,0.06522,2.313749,146.740678,4.893118,7.93537,68.580471,17.675742,0,69.605522,72.107542,37.944195,43.211876,26.039269,498.676274,1.543237,1.239637,77.551106,0.759766,0.040779,38.211753,0.468016,0,40.596332,40.728994,63.511298
52,147.017744,1.639809,0,1.837912,0,1.785269,0.132441,39.337713,296.237477,0.702343,102.105561,58.070844,197.628615,821.077821,166.599661,14.224319,432.72568,493.073019,44.323176,0.533913,0,0.110158,0.088984,28.979077,11.883791,10.45902,61.928358,12.389991,5.642658,69.60499,13.49192,31.876492,0,0.016935,0,8.898845,196.820368,8.816802,3.598191,31.640315,10.292146,0.547445,79.860483,110.536719,54.2489,51.544869,50.359282,637.317762,7.149887,7.608434,88.174527,1.89858,0.138268,49.499609,1.610998,0,51.913879,58.644317,100.759265
53,138.42301,1.548147,0,1.86849,0,2.172441,0,39.501226,324.543783,2.177659,111.84271,62.786669,185.322966,878.087848,158.47441,12.911285,451.92897,536.363273,51.892879,0.810442,0,0.180732,0.373291,28.368783,8.790216,7.577819,51.155283,12.222335,7.12884,75.739958,13.462311,31.118651,0,0.135845,0.048268,8.541641,199.402714,7.374577,3.858317,37.69058,12.483161,0.633625,76.231798,107.621001,53.518695,57.386319,50.141951,657.1724,5.914863,4.995705,96.593469,2.640025,0.130398,48.332499,1.681667,0,47.200277,54.40049,87.665642
54,143.319376,1.353676,0,1.021036,0,1.223312,0,33.723251,343.481379,0.828993,114.959135,58.828723,203.743919,948.202669,163.296693,12.307312,476.099025,556.878143,52.629034,0.744465,0,0.221247,0.371894,29.049119,12.295157,11.773033,56.265921,11.18865,7.064418,77.943225,15.155685,30.655795,0,0.102707,0.015294,11.906582,202.782035,9.724392,3.267579,40.199211,12.243511,0.395052,80.058661,119.872583,58.544841,55.65384,52.407717,694.819216,7.458785,6.571333,104.185119,2.264081,0.068735,53.293423,1.404656,0,57.973819,63.12695,97.581
55,130.986541,1.377218,0,1.577796,0,1.659182,0,32.323221,339.877674,0.602006,106.551135,58.568723,181.632703,824.39218,150.631726,14.365368,444.013164,500.351948,48.979423,0.503298,0,0.163551,0.234132,27.164768,10.619983,9.389953,48.914313,12.811342,5.894774,74.729346,11.847454,26.862701,0,0,0.090417,8.834337,199.134957,7.2081,3.882069,35.064918,12.08659,0.857783,68.023444,105.513495,53.031555,48.079925,47.265964,624.390438,6.55993,6.45873,89.120867,2.701738,0.118172,52.752892,1.819127,0,45.096208,49.350299,85.506446
56,145.78877,1.640211,0,1.599478,0,2.185583,0,35.50614,314.048541,0.679093,109.304498,54.219895,188.776529,833.316625,157.386013,16.163525,439.221959,497.755598,45.437633,0.56773,0,0.232243,0.177361,30.100996,13.409849,12.62849,56.335681,11.889655,5.406585,70.286568,14.889765,31.681855,0,0.087244,0.041167,11.885903,192.456105,8.99895,3.363661,31.657577,11.538301,0.602848,77.593163,113.006335,51.22375,51.971923,53.579069,640.692197,8.111688,8.398032,92.333897,2.948517,0.133301,47.303425,1.28978,0,50.805601,55.492053,95.677372
57,144.786328,5.862283,0,5.212364,0,5.882262,0.060421,46.80806,406.326247,0.543325,138.135367,64.907963,210.872502,1041.382305,187.97709,9.488225,526.58412,577.645142,57.855771,0.192712,0.003302,0,0.306026,37.701803,9.813908,11.442227,28.954417,16.290118,6.081232,80.673586,12.795987,41.155768,0,0.059025,0,7.483076,229.458975,2.859345,3.21616,23.866967,5.933143,0.040509,63.529011,157.827616,82.002803,64.73367,29.868476,709.804467,2.343767,2.649134,81.750571,1.18663,0.410426,52.118273,1.161489,0,43.852451,40.620665,101.5196
58,147.881374,4.848661,0,5.147485,0,5.121932,0.057948,51.648501,389.273521,0.47957,142.363812,76.43855,232.955945,1012.046488,200.183444,12.211552,530.747897,556.754282,56.649674,0.136196,0,0.004982,0.496685,34.88463,9.186447,10.862387,29.555933,17.130075,7.089146,77.664107,11.544445,48.926128,0,0.348694,0,8.524555,249.510535,3.518659,2.782982,22.733461,5.793374,0,62.470753,179.343748,82.689284,76.45889,33.185443,726.476552,3.71746,2.433228,78.695548,2.569129,0.266933,50.550397,2.570342,0.27326,44.43129,43.429003,101.887415
59,179.094779,6.173076,0,4.999177,0,5.113824,0.119956,60.937376,385.542363,1.163507,149.83614,76.017095,242.948466,1063.036079,234.682274,11.654803,529.07271,581.143589,62.590874,0.11482,0.071753,0.017294,0.365845,45.840777,15.777043,21.794613,35.257394,16.163596,8.925483,79.042307,17.020035,53.615989,0,1.249642,0.05679,10.490884,270.777379,2.941614,2.680373,23.385423,5.647826,0,74.85041,206.211538,91.40038,72.678248,32.546186,740.111263,4.394312,2.882137,89.46966,3.681635,1.201763,63.273756,2.693496,0,52.784734,43.822186,117.20303
60,159.280923,5.710144,0,5.409625,0,5.243339,0.245933,55.573521,394.877062,0.671437,132.379603,72.71355,221.261405,976.854177,204.945117,14.974125,512.015781,541.636312,63.223047,0.039586,0,0,0.234551,38.702257,13.126129,15.066575,28.731547,19.465416,6.768976,80.874978,11.849215,44.323406,0,0.824692,0,7.841772,244.000245,2.889372,3.949808,20.30899,5.60044,0.070249,63.990493,168.005172,76.982423,58.358319,30.146157,696.042404,3.93714,2.802668,75.206945,1.787599,0.289059,43.716384,1.716253,0,46.247066,38.733261,102.625737
61,165.111469,5.013337,0,4.44105,0,4.281752,0.11497,57.761309,400.468045,0.685679,138.028262,69.262529,232.205087,1058.360457,219.980914,12.864823,530.978544,595.190746,56.831081,0,0.134042,0.017269,0.487174,43.217879,15.062256,17.171921,32.207794,17.106154,7.233945,82.215513,15.210303,42.332075,0,0.167225,0.044666,7.598396,248.346125,3.767034,3.979192,25.191896,6.743082,0.637103,71.000088,177.976679,86.472549,70.222344,35.268476,713.802723,3.443965,1.734671,84.208201,1.663481,0.281163,58.007309,0.664898,0,53.113914,44.355811,107.199157
62,230.881385,0.663614,0,0.625147,0,0.711565,0,106.034855,368.489702,0.581084,130.880784,118.764857,281.312502,869.033017,309.319458,8.656525,417.299226,540.272363,59.365525,2.128907,0,0.223053,0.083963,122.610895,51.114032,31.300012,89.836712,12.331944,12.294475,40.220142,14.691164,62.639424,0,1.264221,1.64843,24.914294,304.075044,9.438028,23.374888,31.808088,28.341587,7.098236,161.551565,259.589985,102.766068,55.227124,66.6133,767.187968,25.609744,21.116005,105.44241,25.743373,1.882173,46.226983,4.717417,0,46.145797,103.132092,85.95533
63,213.924294,0.544935,0,0.61559,0,0.784547,0,97.115948,374.782972,0.335287,117.325345,141.813765,281.329714,797.738436,301.927165,7.634621,443.871333,548.43362,62.717767,2.430844,0,0.193377,0.024292,149.751159,60.134146,39.897528,86.809992,13.431814,19.373055,44.437748,16.31005,54.072362,0,2.651316,0.988184,29.83328,307.015899,9.251299,37.398578,37.194157,43.6363,10.62984,158.005326,269.687019,116.87659,56.92405,70.138169,751.356261,32.024067,23.002347,107.847318,29.520586,3.646752,53.858322,8.573594,0,48.324164,102.295639,90.89377
64,228.599876,0.44677,0.022306,0.703753,0,0.679165,0,127.013567,408.535567,0.269501,89.474793,173.870348,315.547905,798.570529,354.307297,8.336203,447.583099,541.702257,60.019788,2.999053,0,0.021177,0.011565,194.472093,80.089114,29.139697,88.942578,15.846905,18.948266,30.187496,9.559632,51.806151,0,1.392773,0.538218,23.680829,357.766123,2.710166,46.390482,42.799902,62.205338,20.280323,192.816382,312.601113,130.744763,43.627529,56.892116,747.76715,35.891113,22.890455,76.441564,52.148697,4.094544,48.586868,10.264411,0,21.240145,119.811106,64.193911
65,245.304791,0.886297,0,0.608917,0,1.544311,0,127.886549,383.462311,0.306191,108.486092,157.837721,312.561146,853.302278,359.802286,5.437264,435.973944,548.408533,56.021012,3.118793,0,0.056989,0.011715,180.814623,70.706702,36.188475,88.430354,13.23432,15.757999,30.150345,10.772921,63.560566,0,1.361616,0.424972,24.842605,362.429338,4.108024,42.60048,35.754348,50.803999,16.663581,179.867942,339.647567,131.029919,47.899959,54.010469,765.168099,33.159778,21.185485,78.980852,32.320765,2.960359,47.395746,10.92098,0,25.686701,117.198679,68.72321
66,88.79015,0.894085,0,0.762386,0,0.937648,0,25.162168,456.750234,1.708184,97.98215,77.494395,187.175089,840.158102,121.142159,15.848201,370.877067,500.476393,63.860016,0.588317,0.416544,0,0.299055,25.896928,0.784111,0.84226,33.34768,16.343239,3.223831,71.359548,7.13433,24.469305,0,0,0,2.800588,198.035932,4.387024,2.391382,31.109614,13.05972,0,55.921617,70.095459,84.471374,51.645443,55.233204,708.502921,0.479251,0.634268,85.03319,2.812084,0.084885,50.186997,0.964363,0,32.993652,40.936081,68.190218
67,92.060616,0.378673,0,1.450335,0,0.298278,0,24.585334,438.413131,1.383634,91.214154,67.789666,177.230066,830.008951,121.203459,16.55124,355.641253,483.140011,61.913829,0.280751,0.302165,0,0.212239,24.921477,0.066438,0.248302,30.574762,16.90987,4.014213,75.198388,7.04348,22.601199,0,0,0,1.334048,187.033846,5.429201,2.971966,32.985594,13.486941,0.561058,56.2423,67.764379,69.969688,50.218572,47.019495,682.494892,0.105274,0.390185,77.037282,2.264858,0.022338,48.86754,0.990756,0,34.684948,40.637094,66.708231
68,103.745294,0.863806,0,1.597636,0,0.922362,0,24.802022,435.019173,2.550864,107.098647,81.274758,185.329772,925.029513,130.958543,13.691139,378.291203,524.061328,54.965784,0.269872,0.269193,0,0.23812,24.317475,0.104877,0.878433,34.510249,18.224871,3.525786,78.21836,8.719153,23.300526,0,0,0,1.524158,210.476931,5.341047,2.702602,46.130659,17.984645,0,63.180108,77.600928,82.565562,56.366762,56.269718,707.963858,0.090928,1.026014,86.930407,2.166335,0,52.657183,0.747217,0,32.786943,48.861545,75.634875
69,88.214644,2.123935,0,1.734371,0,0.651998,0,24.269141,479.153581,1.771885,97.259866,74.479874,195.262546,911.013377,115.982138,11.836116,388.440262,546.128688,63.658156,0.440312,0.540736,0.013422,0.201041,27.850491,0.408412,0.332001,27.049838,17.346683,3.534271,75.438045,7.237608,25.254824,0,0,0,2.265348,209.251628,5.417295,1.934422,26.695454,13.159575,0.179733,45.090932,60.151859,85.951601,53.3314,59.393444,713.699557,0.015117,0.931194,85.870909,1.945025,0.105462,51.57478,0.546444,0,26.767156,30.252228,65.861513
70,91.114829,0.777322,0,1.625455,0,0.874673,0,22.70522,476.851043,2.799847,110.666818,80.447436,200.514022,895.10816,124.383198,13.864336,379.125375,526.567248,62.740866,0.706061,0.351998,0,0.204083,26.446777,0.348526,1.256853,26.971467,13.494212,5.804539,72.69803,10.612651,24.523729,0,0,0.124634,4.062782,208.996736,4.700553,2.175218,32.641889,13.200461,0.40725,46.514487,76.623042,95.712402,56.954893,68.807501,720.140926,0.050918,1.122266,93.023933,4.014931,0.100377,49.339546,1.849742,0,35.45996,32.927671,60.30122
71,90.121106,0.331923,0,0.43585,0,0.306381,0.189508,18.25562,402.373456,1.847296,76.93612,50.855634,161.684191,745.339503,109.98184,11.038366,329.944524,445.362843,52.944276,1.067113,0.26697,0,0.302908,20.274586,0.044797,0,27.143773,16.227907,3.39295,72.235929,6.944385,27.401663,0,0,0,2.134983,173.29403,4.37111,2.21958,32.308988,11.800046,0,39.93922,61.399378,68.336723,48.295788,47.241108,544.411073,0.228755,0.853047,66.3233,0.445799,0,51.059448,1.944615,0,28.845293,43.329717,61.850943
72,117.914853,0.062961,0,0.482826,0,0.094329,0.421015,30.540979,358.5444,1.870396,76.714584,58.712678,171.327397,770.736295,124.939317,10.432825,379.191259,456.027542,50.59544,0.826818,0.172221,0,0.368757,25.497489,0.974615,0.50363,41.817633,20.236089,3.472576,72.137512,12.423542,37.642804,0,0.239502,0,4.819734,189.310331,5.714341,3.212227,43.828137,18.719554,0.154876,69.682533,91.537152,58.714603,54.032495,40.491133,565.817003,3.301516,2.685442,67.418708,0.942282,0.135977,66.057112,2.378204,0,52.623059,62.331942,93.861303
73,122.885826,0.313442,0,0.152463,0,0.283048,0,26.422033,429.302154,1.665908,94.119663,68.222622,183.839841,920.484327,122.845234,13.604763,371.613503,528.751012,67.357567,0.61997,0.258198,0.016653,0.269502,26.777303,0.239788,1.347726,32.604795,23.034969,3.027882,107.859839,7.58854,26.188819,0,0.256711,0,1.303727,215.772507,5.689294,2.748135,38.534883,14.813512,0,54.090114,80.280105,62.179203,52.839385,49.249823,657.82457,0.145352,0.481318,77.596273,0.523666,0,47.462358,0.910887,0,30.415427,31.354533,72.467516
74,104.117484,0.49517,0,0.300419,0,0.044832,0,22.087788,314.206173,1.027193,78.371705,53.479209,140.806257,691.419534,106.080407,12.361232,315.637081,402.602164,42.134532,0.80145,0.200497,0.026694,0.317914,21.683663,0.46422,0.819317,32.547217,13.992009,3.017665,64.843534,9.113051,29.711111,0,0,0.124852,3.677402,174.950602,4.802404,3.360768,35.090003,14.32836,0,54.604344,72.865073,56.013131,46.648868,38.094036,504.771204,7.37471,1.415618,61.292303,2.368776,0.158716,51.287814,1.438901,0,31.352046,57.887458,67.843869
75,104.513627,0.113709,0,0,0,0,0.226138,18.055463,338.116713,1.34157,84.316245,52.677347,143.114622,718.978153,96.641886,11.674979,328.973275,410.387792,49.988329,0.460086,0.163208,0.03035,0.250246,20.270006,0,0.227028,23.579554,16.71391,3.115054,76.397807,6.031479,23.629063,0,0,0,1.49252,169.456802,4.201258,2.144601,29.577084,11.877771,0,40.766836,59.425906,48.512859,48.776562,40.310551,518.804341,0.105368,0.109854,63.215582,0.549975,0,43.634661,0.931353,0,28.27052,35.003434,57.069715
76,111.463039,0.589424,0,0,0,0,0,34.485762,233.365734,0.486862,83.812153,85.7616,137.920941,615.21527,130.734025,14.528084,346.603416,382.362972,78.305093,1.425205,0,0.016288,0.057956,51.225267,10.721331,15.15953,35.883435,9.558774,9.909505,71.176882,5.120717,13.605755,0,0,0,3.712672,152.724466,8.654502,1.729925,21.406112,10.452671,0,42.801707,117.233431,41.523637,50.506897,32.690031,461.6161,1.703576,0.687039,71.525205,16.262128,5.790405,49.766949,12.172647,0,25.422731,23.72832,63.819832
77,107.262033,0.096071,0,0.275699,0,0,0.21473,23.464681,292.494611,0.756795,86.435048,67.647263,119.871685,686.072662,110.305404,13.586861,331.973822,425.734486,83.792352,1.770294,0.016822,0,0.058764,29.420644,0.267732,0.504034,38.549839,11.787841,2.982564,77.416905,3.748087,8.467786,0,0,0,1.55277,143.73638,7.357131,2.823938,27.490824,10.47928,0,53.559372,75.097266,27.971435,53.449468,33.540037,506.759691,0,1.516408,58.195174,0.610453,0.233993,26.827257,0.458619,0,20.788905,31.551246,53.248685
78,112.464137,0.124519,0,0,0,0.054709,0,27.236095,294.75503,4.908859,95.395058,68.196724,128.000761,687.728182,106.569809,13.430015,358.131166,434.983881,82.234089,1.729072,0.014759,0,0.052059,33.090483,0.399254,0.884029,31.845449,9.511227,2.808517,81.035084,4.358805,8.345905,0,0,0,1.050182,148.729419,7.373179,3.038839,29.364558,11.47362,0,36.18397,69.623851,35.090369,52.521054,37.546092,535.106951,0,0.960793,64.41738,1.549793,0.351968,24.664801,0.332677,0,21.994949,24.462555,57.292203
79,112.180527,0.141013,0,0,0,0,0,36.543601,322.531182,0.803503,105.262667,92.711957,176.694917,700.622597,142.286595,11.036028,350.574166,441.384654,84.643794,0.780425,0.008331,0,0,30.822225,1.316581,2.85832,30.502081,9.508371,4.062482,75.679481,5.26392,15.282052,0,0,0,3.98617,153.432032,8.591325,2.649363,23.607252,11.264456,0.224981,38.490756,87.978249,42.544553,70.459813,38.217103,586.131128,1.396226,0.210355,74.371744,2.376717,1.12521,36.264787,1.70499,0,21.27207,38.619499,56.459875
80,122.258375,0,0,0.232348,0,0.103904,0.185255,35.621515,288.590226,2.253707,99.028256,98.062046,143.477944,714.343412,126.555407,15.720699,335.268873,443.372767,91.53496,1.785623,0,0.013954,0.049832,24.824551,0.08939,0.201487,37.501228,9.662109,2.806847,72.449129,4.713238,11.791099,0,0,0,1.440344,157.708979,8.147374,2.951322,27.23079,11.456594,0.189886,47.835175,86.411969,37.357809,59.194402,39.525373,604.630406,0.054373,0.653541,83.172385,0.675965,0.148275,28.735283,0.25953,0,24.435253,36.350015,67.227454
81,80.040139,0.349056,0,0.210154,0,0.138051,0,28.734566,421.695033,1.99172,115.19036,85.623933,151.882818,715.612753,120.370845,8.64045,304.648125,438.049899,74.532655,0,0.228464,0,0.175857,13.865082,0.131089,0.326569,23.779258,12.703371,3.126332,63.435243,5.675258,20.839692,0,0,0,0.875068,175.500094,4.200342,2.119786,29.728728,12.003028,0,46.880733,57.197206,80.101554,45.485871,61.870081,708.072655,0,0.795783,81.712409,0.355052,0,42.850869,0.073226,0,22.553328,31.731991,70.21987
82,88.044013,0.466854,0,0.538215,0,0.222769,0,34.351582,410.334068,2.660024,121.209261,88.539223,162.914597,773.462389,133.460079,9.912248,322.695511,489.580868,76.02191,0,0.447286,0,0.053016,14.516128,0.061429,0.127084,24.392004,12.895006,2.735935,60.685236,6.593475,22.074575,0,0,0,0.709379,188.675015,6.152163,3.151065,38.951304,15.029834,0,57.689242,61.839106,76.573162,50.860137,60.219321,731.400957,0.147986,0.520123,88.65119,0.565586,0.052491,44.950692,0.097421,0,26.490036,42.611463,72.625597
83,85.039262,0.25915,0,0.480077,0,0.242246,0,30.03998,410.000508,2.145126,112.821612,85.440789,145.213868,758.995621,120.53751,9.389596,314.891498,472.695279,77.762512,0.087732,0.247426,0,0.309637,12.2841,0,0.311704,27.766238,11.5345,3.103419,61.056783,6.803878,21.771917,0,0,0.091199,0.481301,188.867483,5.270269,2.791933,39.547968,14.293878,0,58.279007,60.605357,85.142629,43.218374,65.243522,748.928608,0,0.630103,84.613796,0.486808,0,41.761985,0.194531,0,26.713085,36.85263,71.662682
84,59.735509,0.121791,0,0,0,0.146033,0,20.289783,367.007122,1.665529,89.067109,55.675342,129.757369,570.604056,83.413402,11.022443,252.927671,354.445744,52.988839,0.140652,0.161941,0,0.056665,11.913815,0.14092,0.066494,19.888223,8.181919,2.519116,49.036993,4.674862,13.499072,0,0,0,0.530389,141.060935,3.989214,2.217886,25.51535,10.152339,0,38.557747,45.734793,60.31153,29.492837,49.50013,513.890007,0.14349,0.145672,66.319675,0.30554,0,31.982319,0.018508,0,19.27975,23.876497,44.644159
85,59.429296,0.20557,0,0.303413,0,0,0,19.11943,317.511089,1.323463,80.049262,50.702086,111.466174,509.096153,78.228086,10.354926,228.995658,334.241281,48.469524,0.04416,0.078294,0,0.054981,10.210062,0,0,13.499029,10.316158,1.822239,48.102934,4.093187,13.080005,0,0,0,0.39616,126.503075,3.095096,1.808937,23.366353,9.534599,0,32.103797,34.494337,53.280526,24.836113,45.863219,464.805271,0.009686,0.555864,56.831388,0.123057,0,31.14528,0.053876,0,16.622994,23.439799,42.621944
86,107.964806,0,0,0.346841,0,0.071538,0,28.015397,281.543978,1.718738,76.712556,60.502285,131.74906,716.926054,119.920157,13.029424,266.99268,405.875381,101.087563,1.227604,0.179611,0,0.094571,25.193911,0,0.072202,56.141896,8.740654,3.875441,74.267265,5.351286,15.799001,0,0,0.592465,1.740801,186.280084,8.632618,4.868423,48.565201,15.356457,0,65.625385,79.399933,35.469676,74.823514,30.28765,494.525568,0,0.691708,73.117683,0.103456,0,24.387921,0.077528,0,36.831873,27.253564,65.15915
87,92.265087,0.081503,0,0,0,0,0.234101,18.692244,184.968519,0.820768,45.24992,48.524978,93.694183,513.661165,107.633594,16.847221,172.005002,257.920512,70.618162,1.214565,0.110178,0,0.130133,11.984783,0.09479,0.658145,39.756442,9.032096,2.871218,45.074644,6.905672,6.138657,0.223283,0,0.544297,3.350405,182.013852,6.598516,4.586535,39.512508,11.735014,0,62.497896,72.081686,30.832604,45.080355,19.063726,324.560017,0.934389,1.695231,50.448465,0.890289,0,15.061632,0.157637,0,24.171758,30.158017,48.689063
88,98.649406,0,0,0,0,0.086168,0,23.093643,183.230968,1.108742,61.72804,64.332349,86.781022,537.775416,108.236146,19.05159,176.542966,278.480763,76.763408,1.29883,0.077574,0.014844,0.328678,10.126076,0.04931,0.076303,40.172514,6.478378,3.078683,45.510013,8.47665,6.125221,0,0,0.356999,1.517654,163.890503,7.978747,3.887988,43.256298,16.505375,0,60.37455,83.393951,36.807344,50.452746,20.595992,379.219018,0.173164,0.18466,68.481562,0.109838,0,18.479965,0.054192,0,21.264137,25.623654,64.353227
89,111.704691,0,0,0,0,0,0,50.594943,188.56067,0.737915,80.589472,117.626446,221.382855,678.058253,185.200238,16.007835,276.855182,361.712577,82.676522,0.358462,0.015269,0,0.115021,48.677739,11.027217,25.414071,30.5291,5.276739,9.313004,51.978611,15.304349,27.832586,0,6.907888,0.038542,16.269215,208.15713,7.4463,3.205645,24.482832,8.698158,0,61.296838,200.773431,60.23281,74.075141,23.009342,505.415518,0.850223,0.648742,72.351808,13.148129,15.049463,47.516094,15.143032,0,28.341945,26.643877,74.310574
90,116.433204,0.083167,0,0.495384,0,0,0,29.590112,358.555551,1.701696,93.350903,64.39208,180.188017,840.120594,131.338403,8.890083,385.534854,524.835284,58.784434,0.706065,0.173974,0.032034,0.193361,24.390461,2.051631,0.246207,42.083901,12.953099,3.840839,69.333009,13.005746,30.614502,0,0.17682,0,7.910838,186.168255,7.741414,3.209172,48.135168,20.421162,0,64.04469,100.086654,62.878474,61.340732,50.107749,633.356361,1.920751,0.877325,77.498438,1.022559,0,57.717463,1.266693,0,40.021119,52.755325,74.706682
91,111.321569,0.226407,0,0.12853,0,0.187618,0,24.732432,311.038963,0.966214,84.090888,55.038043,157.604969,803.427812,126.420605,9.833452,361.206115,486.155812,50.671323,1.260028,0.168131,0.010407,0.116925,21.735511,0.96726,0.882057,38.309303,14.15749,4.214785,67.260356,11.33522,31.640852,0,0.933998,0.111237,6.258593,179.52994,7.00289,2.750988,41.326513,17.747639,0.393068,65.061222,88.030078,58.305938,54.480596,50.551909,581.723513,1.066076,1.627979,67.777453,0.572209,0.04466,55.377222,1.566176,0,39.935538,55.512261,74.159195
92,135.307808,0.422856,0,0.323796,0,0.177362,0.235498,33.734374,362.606322,2.047943,92.021568,57.269618,173.446769,852.872995,130.607318,13.195462,367.891936,493.96722,47.632078,1.026877,0.1638,0.027514,0.281695,21.581057,0.45255,0.421555,42.010384,17.91384,3.527592,82.032377,16.916461,44.294636,0,0.993129,0.297518,11.15955,189.269736,7.296417,2.387909,42.557085,18.302885,0,67.274786,111.231963,79.101992,61.514962,44.85591,599.030412,0.872068,1.626506,74.813115,0.668603,0,59.728119,2.216886,0,43.665282,68.993689,92.712448
93,61.785001,1.025196,0,1.349514,0,0.722627,0,46.411526,224.349303,1.073581,80.451154,97.398046,161.544032,639.124853,124.008534,4.022861,179.695404,334.914981,150.055623,5.126382,0.015486,0,0,26.68463,1.469841,4.424251,55.867257,7.510954,31.63242,53.316735,15.781298,45.923218,0,0.07706,0,4.080991,157.706498,5.910142,1.319302,4.509751,7.452844,0,96.01725,129.876241,40.747534,49.916488,34.654674,553.17355,2.932202,1.096793,81.295951,4.23167,0.197766,40.800056,0.439224,0,31.486088,22.869583,53.360557
94,65.980667,0.641777,0,1.538808,0,0.438385,0,48.852348,228.792229,1.166885,75.789272,102.113662,154.046768,616.241653,129.024005,4.888905,185.159374,319.145965,157.202897,2.554181,0,0,0,33.285131,0.907106,5.934408,60.285794,8.929279,25.932081,49.319584,14.691658,40.307192,0,0,0,4.308959,174.740556,5.22174,5.134334,7.971347,6.70199,0,89.554331,142.971335,44.903355,42.6594,37.578788,513.234447,4.367328,0.519535,86.644738,6.285481,0.201608,45.19966,0.538338,0,30.947535,19.858807,57.408523
95,70.794035,0.973247,0,1.287071,0,0.50538,0,48.049364,251.804163,0.438186,86.075964,99.864309,183.075473,773.57986,139.609481,3.092981,226.598485,397.945591,138.03911,1.327776,0.024297,0,0,27.336065,2.856568,2.951316,56.378136,7.853133,29.619056,58.224572,17.762604,49.581908,0,0.151395,0.181017,4.584546,170.170038,6.301955,2.841807,7.351372,10.072357,0,102.399572,148.316588,46.732428,59.002092,37.350497,590.352469,2.82673,0.94748,91.469336,6.430848,0.0399,44.163431,0.842402,0.449718,33.813186,25.969839,60.247905
96,53.803,0.969064,0,1.173906,0,1.037535,0,49.671343,217.227368,0.560448,74.791254,99.657048,142.949617,483.729311,111.348174,4.435927,159.681442,261.52317,151.60288,1.205326,0.021264,0,0,33.395761,1.693506,5.481437,51.77415,8.980647,18.144094,38.682101,11.418766,30.722187,0,0.080743,0.06428,4.731845,162.090856,4.196099,3.076068,4.515728,6.303022,0,80.674626,117.234389,34.472214,39.185955,38.348597,467.856759,3.603774,0.715685,73.671613,4.207419,0.202756,29.799974,0.633851,0,21.590564,17.431565,53.922519
97,69.166194,0.331022,0,0.388944,0,0.400651,0,51.721217,262.771246,0.804045,83.735491,97.487062,186.897519,778.012168,136.721139,3.167544,195.562043,389.275354,133.43479,0.53627,0.038705,0,0,19.545664,0.342931,2.023995,46.070326,7.714784,37.00888,61.034607,20.609395,57.566476,0,0.243308,0,3.077465,150.893151,6.18912,0.497991,3.164196,11.096775,0,104.260125,128.007057,42.139339,55.286479,38.198776,623.121211,2.789881,0.818925,89.044052,2.892533,0.021784,44.072968,0.364064,0,34.028642,30.738185,56.305288
98,123.75944,0.03153,0,0.273029,0,0.093054,0,22.829271,179.712594,0.078082,67.19402,47.604369,171.796214,508.542452,135.540008,8.685067,213.786942,340.47562,23.952055,0.203454,0,0,0,38.265097,17.59472,30.209196,54.026296,2.463235,14.12622,34.0217,6.8714,44.165886,0,0,0.036237,2.93685,209.473766,2.292411,4.18022,9.345601,7.785138,0.048138,75.021955,190.618439,82.048043,79.165445,46.322796,311.181212,8.507738,6.352028,120.708315,4.215904,1.73855,41.957119,1.683961,0,72.017179,74.568763,123.134591
99,118.299328,0.166713,0,0.174228,0,0.033238,0,31.479051,191.126714,0.390521,93.886992,60.302814,213.4116,565.606001,167.230731,9.40715,240.822605,359.559474,24.36528,0.606737,0,0,0,68.801317,25.684124,53.149548,45.996803,1.991458,10.416571,34.89015,8.121761,53.931615,0,0,0.138135,2.64181,234.637825,3.389828,7.198269,15.761224,8.859311,0.076246,66.377491,233.013929,83.146189,86.060122,55.8609,352.728162,18.068979,19.213962,127.964616,4.080137,1.64331,61.472058,1.067097,0,85.02723,81.422068,116.795233
100,118.465211,0.097488,0.01975,0.058568,0,0.063891,0,21.550106,169.393328,0.277533,59.892237,44.234175,163.737731,460.971932,130.05884,8.72555,189.616197,315.19693,21.449712,0.200178,0,0,0,31.143647,13.818014,24.422506,46.877231,2.619308,10.845672,33.039727,6.269074,38.789163,0,0,0.137952,1.653875,206.411136,2.445496,3.734088,9.694127,14.945184,0.233894,68.086259,178.142246,76.768801,73.077708,41.654644,282.703345,8.871155,6.598908,114.104405,2.176355,0.441175,37.450509,0.450983,0,68.426534,69.679809,97.83178
101,117.843044,0,0,0.227636,0,0.090475,0,42.01177,232.993151,0.697417,110.404901,77.90202,245.101305,536.832587,184.025486,8.10738,231.833025,327.892594,45.875428,0.368071,0,0,0,73.614891,30.087004,61.616849,53.90523,2.52596,12.160062,31.713897,8.515255,56.826071,0,0,0.169416,4.886997,231.541641,3.917328,4.459235,13.225198,7.069529,0.097764,66.096541,232.103608,87.102962,76.896543,68.349491,389.79657,25.896768,19.201043,147.485016,5.411728,1.408402,52.395201,1.29613,0.258841,71.878975,65.604164,115.430103
102,118.387558,0.047017,0,0,0,0.053592,0,31.489502,196.634635,0.403894,86.369903,55.406463,180.897715,463.445431,152.243092,5.329487,197.524618,305.191221,21.610481,0.206388,0,0,0,50.950598,23.691878,37.144086,49.458175,1.688795,8.97707,27.74426,6.982146,51.618387,0,0,0.141089,2.199099,211.036518,2.296527,4.373188,9.708423,7.727064,0.234979,58.719298,217.723099,94.147665,69.084863,40.577053,298.371841,10.453805,8.90746,127.867066,3.166521,1.396786,42.277354,1.005206,0,69.145785,67.291119,109.577577
103,151.854194,0,0.259582,0,0.276424,0,0.341961,98.97361,336.92343,6.037092,234.945537,205.230745,144.766733,393.225271,204.840462,24.222655,135.453228,409.1768,149.8075,0.019822,0,0,0,43.946311,21.171616,21.531858,37.921929,2.626148,15.171364,29.385357,17.229951,51.209168,1.001854,0.055862,1.231702,54.34229,199.8584,4.980903,5.974165,12.85332,19.727987,0.469449,135.107618,143.705074,44.575322,262.974083,26.781379,458.970915,81.606789,72.218029,198.253621,37.963117,31.749647,36.174893,17.737085,0,21.091187,14.699428,49.142157
104,107.570925,0.026049,0.103866,0,0.145732,0,0.042758,62.623777,187.588773,3.184969,157.843949,126.015771,118.151958,351.352407,157.606186,27.410839,109.482794,272.178253,76.740011,0,0,0,0,37.823224,21.75138,20.772688,32.796912,1.509897,12.51964,27.661965,18.163117,50.082417,0.558984,0.084011,0.59596,42.180592,147.868279,4.865399,3.434106,10.736317,11.635894,0.602225,69.740699,105.304921,39.618489,160.188691,15.582935,326.434687,57.466575,44.650709,109.913407,38.451344,35.206339,34.720429,18.580383,0,14.679354,16.228865,50.526885
105,109.281068,0.026096,0.041621,0.127922,0.024333,0,0,54.733989,177.764114,2.081821,149.414862,124.982309,126.361058,404.991632,155.548577,23.774764,138.607279,300.407879,67.265162,0.122396,0,0,0,32.16191,16.712746,17.538969,28.890466,2.136314,13.479783,34.480057,15.840281,47.050577,0.52114,0,1.440013,31.069152,145.759857,3.417094,4.10867,15.730433,11.914839,0.418532,71.408217,108.422283,35.528082,145.750376,23.75829,338.176389,48.055912,36.029983,106.360072,28.288192,26.69923,41.293225,13.585462,0,21.545616,22.34557,54.646588
106,106.784494,0,0,0.0637,0,0.023896,0,66.28088,205.977233,2.387845,167.857092,138.445312,136.748562,432.901268,165.045194,20.782663,129.388403,311.594434,78.109454,0.035322,0,0,0,35.48189,20.575263,19.829113,31.094452,2.083121,11.18058,30.815039,17.026699,47.720885,0.162851,0.081679,0.78953,38.286396,151.581099,4.460347,3.05547,14.238045,12.630659,0.228857,77.358336,114.759547,33.649798,162.092372,19.264545,372.869269,55.503844,44.007343,122.414775,38.052536,35.835844,44.994941,17.004877,0,21.35327,20.798952,59.479062
107,111.979231,0,0,0,0.049751,0,0,76.90656,213.405026,2.889848,195.519795,160.600863,127.137191,348.14362,185.716058,21.838203,91.870825,283.315957,82.461482,0,0,0,0,38.796222,20.776027,21.110057,29.049326,1.466198,6.152951,23.99994,18.194864,44.645394,0.701329,0,0.550024,42.105171,148.632946,2.553497,3.433222,6.944309,10.739835,0,78.482234,98.632559,26.285806,187.5167,13.875652,332.805427,65.73551,53.828421,135.13793,47.089923,45.30991,35.564936,22.883872,0,11.227171,10.621609,41.335756
108,82.458885,0.109481,0,0.21758,0,0.125096,0,39.795354,252.018358,0.532483,81.78799,75.486213,162.628247,774.375568,116.911422,7.766772,195.086424,384.754713,81.804301,0.069163,0.044821,0,0,10.404939,0.248879,2.595418,29.890846,8.797294,19.234216,66.617599,12.987005,39.750545,0,0,0.186546,1.614755,145.090402,7.983869,0.55134,8.961463,19.814311,0,89.447307,108.155782,29.364295,75.787321,32.764467,521.408804,2.248933,1.125235,79.355162,0.29445,0.049833,42.039254,0.07931,0,30.585055,29.254397,46.072191
109,71.535882,0.224447,0,0.198645,0,0.046157,0,39.462158,229.912074,0.431021,60.171299,84.74813,132.575092,647.249593,104.045157,6.364916,173.025872,351.939605,82.941176,0.017719,0.058842,0,0,12.113192,1.044792,0.857849,22.593619,9.386333,15.65387,56.234205,11.976424,34.89848,0,0.111226,0,2.279326,130.835409,4.98467,1.049156,4.815555,16.620089,0.240132,73.114826,84.447932,21.323486,51.910467,30.610698,466.076541,4.075499,1.547169,65.411266,2.13159,0.122195,27.976119,0.175873,0,25.463052,23.931337,39.96745
110,84.647252,0.146685,0,0.170215,0,0.039293,0,42.864494,236.340256,0.445178,73.678496,84.766784,149.387552,693.310636,110.680773,5.918766,175.779005,361.823754,86.03681,0.102924,0.068326,0,0,12.484225,0.538774,1.315944,29.463802,9.213938,17.451414,61.490842,11.266019,38.784853,0,0.048487,0.141196,1.768471,146.471597,6.306346,0.815785,4.332726,14.81356,0.075447,85.514746,104.895907,31.647255,67.706415,36.188544,504.025166,3.054147,2.938699,80.343178,0.737223,0.109664,36.763242,0.195201,0,31.033436,29.19741,51.419346
111,104.972438,0.069148,0,0.148211,0,0,0,51.375565,240.122525,0.987529,123.496937,96.6852,205.072083,857.463913,161.514411,8.761109,216.628328,456.411525,91.198032,0.140631,0.040438,0,0,15.519593,1.82705,5.887055,41.970004,6.08429,18.528212,67.439023,12.48536,38.359725,0,0,0,2.61071,186.186475,9.299514,2.012792,12.61724,14.014393,0.267697,102.731196,169.388803,51.917613,127.690319,39.477766,591.317577,7.053446,3.704332,102.202733,1.294052,0.342318,68.378349,0.269767,0,58.747224,48.562669,65.943457
112,104.437676,0,0,0,0,0,0,47.535318,231.914215,0.186966,72.998709,94.082995,160.686731,718.732628,133.367211,7.422276,233.2692,434.056116,83.270219,0.106933,0.056041,0,0,33.623022,7.450816,3.250787,45.457402,8.219187,20.263742,49.805287,11.746457,37.876386,0,0.184145,0.289817,3.789335,192.416964,6.284033,7.264982,11.00619,14.98033,1.603254,111.589721,144.218046,62.425059,86.42598,54.934092,525.230296,16.500652,11.454139,109.333884,4.879755,0.785407,45.633586,0.560203,0,46.467626,49.727585,61.4136
113,64.76377,0.262076,0,0.129859,0,0.056009,0,30.788836,221.350311,0.345268,78.679404,54.214682,131.622241,680.163543,111.455314,4.429199,158.112941,340.639726,56.371127,0.055053,0.137029,0,0,8.597843,0.175492,0.348136,19.603765,9.679624,16.353313,51.15266,16.191179,44.649634,0,0,0,1.830089,124.37837,2.789212,0.277403,3.371695,9.265763,0,83.254932,99.265765,21.220351,61.380839,30.371389,469.66488,1.401347,0.30847,64.133904,0.06764,0.097332,41.714178,0.032301,0,37.562541,33.200345,47.736566
114,48.778377,0.198294,0,0,0,0.07423,0,25.018588,168.456433,0.220304,58.746976,47.026783,98.923155,499.427914,91.265695,2.435505,124.756428,249.160106,41.767959,0.120388,0.158775,0,0,6.512011,0.135642,0.163625,14.879297,8.343681,13.534844,38.720398,12.060709,33.17248,0,0,0,1.737899,97.288653,1.804384,0.312041,3.154068,6.641584,0,59.71147,64.472853,16.596425,42.281146,22.333166,366.748804,0.824744,0.262108,48.044542,0.152443,0.052284,31.893061,0.011514,0,25.422449,23.699325,35.897334
115,66.568445,0.136825,0,0.066081,0,0.023114,0,34.994831,229.276358,0.437984,82.28806,58.388208,142.626049,706.585529,117.497301,3.068582,171.619903,355.078671,63.314791,0.058251,0.232679,0,0,9.011348,0.158861,0.20758,19.861781,9.820056,16.978238,52.960394,16.62443,44.836006,0,0,0,1.681986,126.860003,2.63967,0.416538,3.514065,10.496356,0,83.663596,96.893731,20.480356,65.173603,31.831395,503.913368,1.174132,0.187453,70.414671,0.099218,0.053119,45.155804,0.022827,0,36.657319,37.737174,47.801947
116,68.79966,0.228219,0.020461,0.194687,0,0.146971,0,35.86691,230.054074,0.594329,85.20602,59.530752,149.471362,742.585422,117.208042,3.350463,184.827233,363.705238,60.282489,0.033317,0.223173,0,0,10.582101,0.265047,0.660176,20.16431,9.764078,15.114743,54.176405,15.599669,43.352502,0,0,0,1.629873,131.373853,3.220144,0.369161,4.374404,10.0656,0,77.787495,102.59333,20.59086,71.201017,29.751439,514.291875,1.405501,0.346568,69.985943,0.325625,0.029891,47.31645,0.021544,0,39.665104,35.471216,49.702002
117,63.431186,0.094595,0,0.084667,0,0.077605,0,38.80795,229.997074,0.530052,90.053876,66.733925,155.117617,709.2857,124.981297,2.976554,186.759783,365.105535,61.109618,0.070861,0.319511,0,0,11.055645,0.525814,1.376042,19.787816,9.471036,15.799039,50.739422,15.734628,42.493695,0,0,0,2.051467,133.509032,2.609777,0.453049,3.9147,9.763089,0,82.286903,111.897313,26.819278,69.774827,26.809397,515.749725,2.437502,0.462206,68.816871,0.951436,0.710478,44.004188,0.390111,0,39.439301,37.344516,50.785849
118,105.709227,0.150705,0,0.437159,0,0.225706,0,26.314372,160.620705,0.272418,72.246576,77.093668,114.699147,596.630545,105.266532,18.902341,132.449307,302.345029,52.173894,0.019884,0,0,0,8.88309,0.9217,5.960798,35.094672,4.664643,13.758658,44.554952,8.628546,27.888897,0,0,0.129746,2.210964,145.28098,5.217593,1.394304,8.173112,10.221988,0.050282,91.299392,100.390193,30.50286,79.36705,19.58356,385.982213,4.168595,1.955326,69.955764,0.431039,0.03889,38.722445,0.055503,0,31.469926,30.153941,51.857955
119,98.814459,0.167919,0,0.388934,0,0.108011,0,23.863124,158.430884,0.253018,71.030527,68.847262,112.413521,598.632508,101.502607,19.198188,137.740782,304.037443,48.486652,0.19419,0.011121,0,0,7.430357,0.606292,5.057811,33.30382,4.621372,14.383121,43.391001,9.907907,30.239257,0.059833,0.08072,0.088255,1.677853,151.976093,4.982293,1.391956,6.601002,11.765411,0.076204,91.805589,97.464081,30.258043,77.406053,19.864168,373.823143,3.923219,1.499004,63.908704,0.90364,0.018803,37.07728,0.150926,0,30.683084,31.379766,48.523305
120,110.836735,0.236679,0,0.513318,0,0.132207,0,24.133358,168.223386,0.331721,82.775334,78.203732,136.622031,718.550767,120.957407,18.61523,157.545632,370.160349,48.631155,0.409317,0,0,0,11.909993,1.633694,10.443439,37.788508,3.999445,15.217289,49.209328,9.264988,32.199643,0,0,0.249736,2.466969,144.227892,6.727618,2.439351,13.180478,11.758165,0.026206,102.647865,119.730521,38.463528,105.368802,21.121475,432.945838,5.274572,5.29382,82.401441,1.229229,0.119664,59.567001,0.210848,0,48.002422,45.057647,66.160319
121,106.374518,0.290508,0,0.548137,0,0.115884,0,23.197221,160.043143,0.173625,80.38016,69.59064,131.775355,719.3318,116.686255,18.451507,157.86436,357.560951,48.965273,0.164415,0.011325,0,0,8.418983,0.804102,7.04791,36.778067,4.570085,15.7974,46.457108,10.695758,33.855723,0.060456,0,0.089354,2.427292,147.615108,6.531649,2.026294,10.745173,12.139197,0.074071,104.658856,112.697622,33.880133,98.250533,18.691885,435.407829,3.195195,2.010887,75.164338,1.092423,0.048347,51.831015,0.183561,0,43.339485,40.183431,65.810305
122,98.939852,0.227158,0,0.47972,0,0.239508,0,25.751823,176.696247,0.265574,81.664572,71.653116,134.445292,695.444581,109.356807,12.779983,160.76784,348.113152,49.490008,0.470172,0,0,0,9.645017,0.695817,6.477346,31.709946,4.768745,16.250152,49.917797,9.146097,34.659659,0.367034,0,0.041038,2.420468,141.85119,6.595021,1.727548,9.914173,13.143249,0,98.759073,108.779667,29.634705,90.342117,22.017445,429.488701,2.628785,4.11532,74.926399,1.324484,0.068153,47.501338,0.121545,0.259887,40.357516,36.188128,55.261387
