"","Dim.1","Dim.2","Dim.3","Dim.4","Dim.5","Dim.6","Dim.7","Dim.8","Dim.9","Dim.10","Dim.11","Dim.12","Dim.13","Dim.14","Dim.15","Dim.16","Dim.17","Dim.18","Dim.19"
"HKDryMB1",-1.16923573599602,-0.594967471610579,-0.00750655961868491,-1.04667842854399,-0.159911371292344,-0.127659385473096,-0.0719766930428141,-0.26988962853392,-0.0310513582860118,0.285973324767374,0.411467997420205,-0.119954356098868,-0.214141216779073,0.114828355932823,0.00534091769390826,0.0148434349206669,0.057002476048468,0.0478027538282149,0.0288675470976815
"HKDryMB2",-1.12138190168259,-0.23205724414797,-0.065558454721992,-0.985437198864531,0.0809533200539196,-0.0097686699130805,-0.0948689343156787,-0.219202825487087,0.521298042878798,-0.144017842156395,-0.0529376680686665,-0.0148579118286124,-0.273406596998517,0.0147088629796192,0.124773451057216,0.145244667384727,0.20674940026663,0.00177765714709457,0.000286741353146822
"HKDryMB3",-1.15109732151136,-0.387804041338181,-0.186122015128609,-0.807854084899475,0.0344143885808086,-0.0820497032402223,-0.232990794050345,0.135648839487426,0.228873408950004,0.177996711010828,0.179486332754002,0.0162218701760549,-0.0856142919613986,0.0541913843378937,0.191234310548453,0.0470243257681613,0.0388315463697334,0.013025336986444,-0.0291532705772015
"HKDryMB4",-0.80502759598865,-0.374327713982191,-0.357246941340508,-0.258140418853152,0.0861486899385393,-0.0854357700864998,-0.396975890516781,0.559160798241758,0.13452637524356,0.224157203669398,-0.109655768505967,-0.226781836689614,-0.310913679378607,0.200412830251229,0.268300811660187,0.0916099831195845,0.13698416599825,0.0903066483303551,0.00766703584186115
"HKDryMB5",-1.23532759043588,-0.39316585527046,-0.0692594213220141,-1.23176273024739,0.0887072864653617,0.00775952771407065,-0.164762043379812,-0.300917985230038,0.454006208319376,0.342711319010794,0.552625794356669,-0.264364084360182,-0.206888810297156,0.108463462771907,0.167409253538378,0.0898830801019168,0.14076368888288,-0.0570106896854112,0.0167329023295691
"HKDryMCLM1",-0.877481125330998,-0.257346795843205,-0.233859908712164,-0.384418020441889,-0.017382543831123,-0.0733624481253255,-0.268361814312276,0.355411766146566,0.0870144032264592,0.095472111045315,0.0702211985245355,-0.25578829223657,-0.234952828229784,0.0563075787445407,0.127383066862592,-0.0369420878322582,0.116924928370346,-0.146133889965619,-0.00723987325335883
"HKDryMCLM2",-0.939013698977711,-0.222066697064766,-0.0955354276203199,-0.822568891891412,-0.0960488398766705,-0.116101570374367,-0.118843635013761,-0.113814513700956,0.101474895177878,0.08724480027764,0.306662866730718,-0.396709199050714,-0.307292638879211,0.186829045256316,0.0726298958084622,0.00898686543111677,0.0722327177599977,0.0399339661505271,0.0403618776057132
"HKDryMCLM3",-1.14167090628599,-0.365039853972516,-0.0596176642258691,-0.783403236714634,-0.139387850844251,-0.0893566411205886,-0.17563686580586,-0.0109351096622745,-0.129411376165722,0.282933261029044,0.407658292064646,-0.329737108976098,-0.0662673811141989,0.128792951335451,0.0431963721540824,-0.0560459748013073,0.0304432309742922,-0.0799478265938026,0.0326865925297438
"HKDryMCLM4",-0.716141703442333,-0.145719093829851,-0.270498780380481,-0.168151209494841,-0.0376087743519458,-0.112828798848718,-0.372473010332185,0.544521151421585,-0.0985369745099409,0.196363561750947,-0.403907557845754,-0.360328204374964,-0.177540570234001,0.109924533315219,0.189641141656569,-0.0180143443381387,0.162048305836197,0.007849884711698,0.033482039744993
"HKDryMCLM5",-0.908966796050536,-0.114895637145989,-0.237931597683212,-0.449344404629457,0.0599574276392044,-0.0704901421123408,-0.338952598275662,0.444013256474245,0.0522614280688056,0.184410693628005,-0.0139796329756307,-0.259305123828778,-0.155707430348895,0.0596081455916856,0.253014042767016,0.00591811527842038,0.202650634278992,-0.11131250900022,0.00998957868048571
"HKDryMCSK2",-1.15807898752085,-0.365363099020321,-0.334807267282064,-0.892906138677021,0.205109759718331,-0.0785756383306197,-0.226918522409762,0.0554392587998157,0.570497162597097,0.176921103771238,0.150815580743207,-0.188439536860461,-0.383724616738848,0.162605284687662,0.220762727097078,0.225726942645541,0.141772979435324,0.004568401801373,0.0166323962968945
"HKDryMCSK3",-1.22887435346767,-0.71777581345122,-0.188131791723341,-1.11107225922782,0.0164895724176026,-0.101181023225681,-0.153986676264258,-0.193055856723602,0.411939906156145,0.445934345581573,0.624366241608084,-0.114081739157166,-0.315010030590083,0.199663537967596,0.127336769414077,0.179983226300855,0.157195817651135,-0.00151658174614041,0.00433726787644983
"HKDryMCSK4",-1.16954421621235,-0.75954380720036,-0.210387938981709,-0.745514749246127,0.00394876612374361,-0.0485208952128493,-0.285893206879997,0.204317813183131,0.0402168935169137,0.597413447716736,0.675120866999697,-0.129399185336581,-0.315901954516413,0.209266539577178,0.196288510130685,0.126893207378136,0.121720597902312,-0.0623485019985452,-0.00651702051182229
"HKDryMCSK5",-1.34745844478028,-0.654141335205935,-0.112827405445019,-1.20566378322807,-0.0479045911943532,-0.114661951284005,-0.0809101453680698,-0.324555188825104,0.354687986662714,0.401810738700166,0.593112718447412,-0.0883989018750788,-0.213082093551794,0.15433233609203,0.116234692719623,0.0996288863038026,0.0955182161951629,-0.0572252853791309,0.00984442843560955
"HKDryME1",-1.30516947372221,-0.0550130226132482,-0.501215798844785,-0.122433738042398,0.274475420254426,-0.224249821373188,0.111312955849501,-1.37852125132415,-0.13483771625012,0.363677202662297,0.387484899797839,0.201396732077769,0.433941992668602,-0.123103724588734,-0.168433805975902,0.0356857772791751,-0.168813423696121,-0.0601023957373918,-0.00739522424883255
"HKDryME2",-1.37950101936462,-0.413233792752873,0.0611959975735347,-0.360458423403233,-0.783722902376625,-0.360400639943448,0.29416872401614,-0.554803530329015,0.403945944338934,0.133617000847282,0.0997744713489618,-0.375663800528033,0.250423028905331,-0.111417356064568,-0.0271950405926713,-0.0185225798396406,-0.338863634208385,0.0554721033052354,0.000907727227492718
"HKDryME3",-1.17834588596877,0.178873108333875,-0.866445022724106,0.168665832829003,0.899555431736701,-0.134491245475378,-0.0692248384852212,-1.60974179423333,-0.480856676349774,0.597081426680051,0.450261170391274,0.438894088364756,0.453719323644316,-0.130155257903714,-0.162153655438738,0.0504951238226364,-0.122390250045496,-0.0397635627744,0.0202523896726852
"HKDryME4",-1.48158142269573,-0.539077770873438,0.122690535218422,-0.997707635099628,-0.273334862929094,-0.145496651065004,-0.0421558397074305,-0.344604805905165,-0.279162348325684,0.223260216738929,0.435572991568544,-0.26220711022757,0.333777564670422,-0.146145983440467,-0.228968411023155,-0.107432146503223,-0.212829251062141,0.00197530078578854,0.0164131174510292
"HKDryME5",-1.24274172114496,0.109113553605777,-0.578461349730408,-0.254210858626818,0.523672522662424,-0.167067627640942,0.0294760899167814,-1.25344462270607,-0.0927379142595096,0.177434692366263,0.12661491370355,0.263040039521875,0.253562621211879,-0.109575769634625,-0.104454038091303,0.0604090782497576,-0.0536690649949287,-0.0613694637176378,0.0153599880053567
"HKDryMP1",-1.24885412173655,-0.135813586376533,0.158553828518397,-0.866967821916364,-0.202302903890784,0.00765462433934209,-0.0482442325426372,-0.268981926356939,-0.040874489462528,0.0164230578207769,0.485284073067031,-0.350266177555613,0.0471031495543622,0.00203247306256068,-0.0186996784009338,-0.0500278130193153,-0.168011319858841,-0.0528437938527117,-0.0121548730791748
"HKDryMP2",-1.19928746056294,-0.418180466986985,-0.0856912229910799,-1.09698044320655,-0.139108611773006,-0.166617056213424,-0.106902912031432,-0.365578174960672,0.350988105088451,0.232442075828035,0.364309905485746,-0.319525325950706,0.094088444034055,0.131880530372282,0.0145299126775529,0.0310353249204088,0.0129010671148103,-0.0224692467760698,-0.0576622084660649
"HKDryMP3",-1.05289738697245,-0.290725988139704,-0.122938326034882,-0.94632228456481,-0.0684970333401672,-0.131476312276351,-0.162256905356278,-0.135818477276836,0.22195408469379,0.227308970919861,0.25214109705831,-0.28861905479064,-0.133085429695702,0.175628033068448,0.15580220121597,0.031879378662378,0.0499662441367651,-0.0242168981537722,-0.0526444649691363
"HKDryMP4",-1.1235003649539,-0.363476207702023,-0.0302037246880147,-0.909377907031749,0.0504574055285028,0.0102447728355094,-0.271769753178476,-0.0219095555372767,0.0773766714120784,0.31946349947359,0.109845768261307,-0.196339551984809,-0.060825722966464,0.0907976641257678,0.162910785382531,0.0189691409439235,-0.0932781901883534,0.0539547039417248,-0.0658524101083373
"HKDryMP5",-1.12607910962854,-0.35159028642685,-0.0649150427474111,-1.09137005341803,-0.079264947407268,-0.124886873529569,-0.151157348117988,-0.243715292921804,0.0791962090351799,0.299847989137468,0.364511720288841,-0.352189471144115,-0.104920331817818,0.228077994159677,0.0549197057533565,0.0172420560249558,-0.0295937605474911,-0.0106664323188189,-0.0414216912508105
"HKDryMR1",-1.31567329438945,-0.744440626061569,-0.0783429613891425,-1.11815379538257,-0.108609591625395,-0.0968683402347016,-0.127717811580283,-0.211458957147846,0.159616569702361,0.630760605679681,0.81576049998544,-0.114099978839646,-0.184184632113136,0.14424830418328,0.154617601519809,0.00821577016947594,-0.00679726406524692,-0.0545303368701069,0.00605072690019083
"HKDryMR2",-1.16211910971748,-0.960701170074186,-0.057351442551839,-1.29513021398162,-0.188801412828699,-0.15787686686114,-0.0591694584095555,-0.482821228449429,0.31427177149439,0.754939599155111,0.983869054907917,-0.187763798428108,-0.366988497000824,0.298437568339487,0.0979532449593087,0.0771368847669869,0.107689315107202,0.0857099423389886,0.0310510140154262
"HKDryMR3",-1.14493116478784,-0.631855835048215,-0.187016513953416,-1.22065210964309,0.00467343110887235,-0.127868821174478,-0.0970046855324084,-0.289733728788737,0.618617511464129,0.520141556274586,0.670302814688468,-0.0813936015639603,-0.444024547260499,0.220939585847372,0.278923760436747,0.138425956055778,0.0928347886462671,0.0662351771359352,-0.00175337841686745
"HKDryMR4",-1.22719339809971,-0.708009824753581,-0.106942524599963,-1.22501235855996,-0.0952848044938654,-0.13302335828587,-0.06158932162483,-0.368321283485243,0.41864502045166,0.554773258576464,0.732271058466372,-0.120641757075964,-0.331550632135751,0.191016271430204,0.176891313622597,0.0559349779217485,0.0858662540128328,-0.0247800092988772,0.0144811398929388
"HKDryMR5",-1.2241828012385,-0.924529147470786,-0.0494947023722672,-1.29675107374864,-0.193129041938911,-0.14869490382506,-0.0444212269023505,-0.477753007445375,0.296975993901747,0.755707187736831,1.00717622808574,-0.171264096720441,-0.361453585677376,0.316950823918805,0.149587124685206,0.0235629672356756,0.10267474267883,-0.0124978827350095,0.0366100466137526
"HKDryWWTP1",0.363909634919154,2.0983195571359,-0.402815827551166,-0.340843329062248,0.69508303922388,-0.0590039883041103,0.0651891587329229,-1.58191326314284,-0.49592915692475,-0.307899929568468,0.794251037897876,-0.142047869451532,-0.285037961780987,0.00297265000410119,-0.0805664970348152,0.0536794653343419,0.157372475398855,0.367285616642966,-0.0415411982787896
"HKDryWWTP2",0.25716844916252,2.75879235578772,-0.389080288699425,0.149332945313866,0.658952534230956,0.0926978847387267,-0.102063985222702,-0.531030684903579,-0.082833466756036,0.270312148058483,0.311356417332926,0.163019865604326,-0.176374088937574,-0.452198821053051,0.562346772705965,0.0578259809291272,0.262589030544501,-0.24488962647368,-0.147363594381961
"HKDryWWTP3",2.71664559439495,8.02666367438332,-0.786131525073628,1.27932421716239,1.54994742882559,0.289183002879003,-0.104079486589793,-0.887060421544555,-0.253597648293824,-2.29265037190908,0.963630990423793,-1.71837711075875,-0.373412732891567,0.729923885269334,-0.243333131439588,0.18381651800963,0.0809830406611391,-0.0297848629167665,0.0995091505296897
"HKDryWWTP4",3.28927557405598,9.59828236029679,-0.505266501314347,1.40097704140933,1.29719683878974,0.384378556873437,-0.0773616735011065,-0.226682062296291,-0.470004276181265,-1.11119485266963,1.00539842109712,-0.712469682967117,-0.245122469863827,-0.326702905354969,0.581616146203771,0.0224830108668022,-0.0940216867998594,-0.126707520388602,-0.110968681452363
"HKWetMB1",-0.90203172436636,-0.608959039595707,0.0515075490750919,0.534945007743395,-0.384335291995687,0.0754285441529397,-0.321995166613908,0.636239952089155,-0.356081733783203,0.334673649679634,-0.00171718936156031,-0.312136332663813,0.0736860378021135,0.0452373682095607,0.0322931201236581,-0.078717123483652,-0.27360856612033,0.036809633745821,-0.0195683143758135
"HKWetMB2",-1.23282590958083,-0.16755312253201,-0.131138117609999,-0.51688994197295,-0.119414639381614,-0.160179921154117,-0.0298413201050778,-0.0129596805233689,0.328990419975506,-0.307353246764111,-0.15687018088237,-0.121734903644784,0.01229476134872,-0.105498161545791,-0.0499764331441075,0.071427135506606,-0.144228450007703,-0.0118229563114735,-0.0264127059682788
"HKWetMB3",-1.3738121415595,-0.395302921495912,0.0218736888396578,-0.566008205041717,-0.378994189809215,-0.22220063961484,0.0799467629831394,-0.264284455395532,0.115473512723827,-0.0984610606688033,0.0984613609688607,-0.195325181548446,0.180645233250603,-0.0681551049051397,-0.13368454141606,-0.0162954916645003,-0.27000371348889,0.0284218401259078,-0.00373690141715476
"HKWetMB4",-1.14023569065681,-0.482592494611897,-0.139183223913243,-0.305549042736828,-0.0885168054646656,-0.0831925203617293,-0.296493060997156,0.420389204489067,-0.37175124348782,0.123645053873466,-0.14724665632803,-0.0881050942859997,0.061309902031955,-0.0655133610451803,0.00799939183726646,-0.0300213727565575,-0.119596790632241,0.0514901119435286,-0.0189004288251746
"HKWetMB5",-1.13714838850967,-0.350490287278145,-0.00788367253477048,-0.13623963578924,-0.244434688140819,-0.0313458139864763,-0.228094359322072,0.357005290648883,-0.254507595536787,0.255443621758304,-0.0983949381171856,-0.161091946322121,0.136891105685135,-0.201406080342132,0.148554131650228,-0.0918746790653703,-0.182961853567802,0.0409806979047379,-0.0201814765215872
"HKWetMCLM1",-0.986949568908481,-0.435840460265393,-0.263303744266368,0.158422793708467,-0.0126088008038111,-0.00822024224728319,-0.539541226678907,0.99450743731846,-0.644115742214583,0.392723677139991,-0.123515123977714,-0.231905210075043,0.0661292052213937,-0.0414456527383888,0.142527322610143,-0.0682613862259095,-0.0711901387431571,-0.0712651652809947,-0.0230033729232478
"HKWetMCLM2",-1.17561968427749,-0.229903978030972,-0.14819179369768,-0.449854765122444,-0.0796905378084786,-0.108092960295333,-0.218842126316958,0.234675887188516,-0.0830763893257024,-0.021634801303194,-0.256985640157673,-0.17238338688735,0.119289386037349,-0.0960707944222139,0.0445437525908585,-0.0512193976642263,-0.0417944694572468,-0.0394232549168586,-0.00135824922882994
"HKWetMCLM3",-0.987666634936282,-0.196969891002472,-0.283646620939224,-0.175161834921441,0.0992300755115903,-0.0622439599716727,-0.334066496385096,0.585504860924959,-0.0296645124822487,-0.271372427905179,-0.476402263523661,-0.0537902499229971,-0.0589110745502912,-0.0534451137115036,0.00782144210844389,0.0670709113137297,-0.0527452329660831,0.0356057182126516,-0.0370505321741668
"HKWetMCLM4",-1.15538011345392,-0.203482194816532,-0.130459397309787,-0.334554709914221,-0.0676222165818736,-0.0901948538926967,-0.242955643185918,0.39092668110215,-0.154467634487887,-0.0115638874341127,-0.0961094412159,-0.121382908633802,0.0938546088506635,-0.128322932078462,0.0782105973435582,-0.0107265448977247,-0.102854345763927,-0.0176427260069108,-0.0365123506322693
"HKWetMCLM5",-1.15112555816762,-0.179077506777297,-0.122727891384975,-0.618464633596343,-0.00817661329320919,-0.0848305033011053,-0.189838131387229,0.164834730460068,-0.0428902477575459,-0.114125661314026,-0.147734819983606,-0.119253402299267,-0.000868748532361876,-0.0925652396146953,-0.00495975391602371,-0.00242400360924273,-0.152934081385815,0.0573165951424852,-0.0218627002437261
"HKWetMCSK2",-1.52686055980866,-0.322915770385813,-0.0721778725056525,-0.425867187423748,-0.131255639350284,-0.0639803645867405,-0.186222965777277,0.242197338731451,-0.364487759031278,0.0555826401973523,-0.0814653816979723,-0.179080670707687,0.313312346410798,-0.280913344908553,-0.0881721942032257,-0.0630341479714847,-0.206379501179813,-0.166084313751481,0.00356100472898215
"HKWetMCSK3",-1.37174288348403,0.0263474624885785,-0.634074787437311,0.0838955315153005,0.676409991012427,-0.0702530864708347,-0.162316378830009,-0.813116499382714,-0.596551060785208,0.13554594316375,-0.0167959365052955,0.358730064154976,0.434340238472943,-0.194558490936468,-0.251280450864062,0.0467719306277063,-0.19324700760833,-0.0908559936139032,0.0143589038290142
"HKWetMCSK4",-1.53490653253605,-0.195687581902376,0.0420550142919334,-0.802038258715996,-0.0752202508384203,-0.0379058077026059,-0.00248370720319971,-0.285838636610252,0.151003416035721,-0.297624186276728,-0.40633317407675,-0.105318114004206,0.183167059456374,-0.286068468226858,-0.14797823030758,0.0291993073578683,-0.0656048144967419,-0.118732317398564,0.0258236159198276
"HKWetMCSK5",-1.38591118391448,-0.151575117744195,-0.201688892795652,-0.353404677062169,0.0569651238541746,-0.039369748639229,-0.252363709978593,0.426558670102233,-0.137790265005819,-0.180075058167094,-0.435680860844467,-0.0557541629838929,0.166582109788549,-0.318472278952231,-0.0172830123217927,0.041194712816807,-0.0260872846656443,-0.17981618511127,-0.0134844067435262
"HKWetME1",-0.997633167759985,0.12251615206838,-0.798173110019625,0.745064522703256,0.670175680624278,-0.0950231340515392,-0.310157683085539,-0.272800674825935,-0.411048794830335,-0.0488602054513288,-0.274469059723885,0.268162888472198,0.370545033422282,-0.131560263325438,-0.157575887093414,0.161319653741962,-0.015251018232641,-0.0856991627085453,-0.0439482625971767
"HKWetME2",-1.03241034142977,0.361250355807443,-1.04770356876299,0.901123288909187,0.974424283752599,-0.113919004929632,-0.192535028534954,-1.10071481927709,-0.509502694355918,0.242723353982364,-0.00576437019527574,0.522377810179531,0.535068127556574,-0.147285569076896,-0.181886053279647,0.120568895674657,-0.0950867222762873,-0.0724977121304228,0.00300266375271192
"HKWetME3",-1.14889474595739,-0.225878230221457,-0.202326690535244,0.0218620142131596,-0.153912355399203,-0.112883929967897,-0.244293865010107,0.483542915248584,-0.139271049586241,-0.202416425410534,-0.385460636455224,-0.236604173294048,0.21015166003152,-0.144484134883775,-0.10428343370185,0.0683119076525271,-0.121916738238914,-0.0220520003183679,-0.0345022920573767
"HKWetME4",-1.40596241355074,-0.150305649300107,0.018626315755229,-0.783195795543595,-0.241131008684945,-0.174864630162807,0.0588763406015951,-0.271021913963329,0.136257071466143,-0.321838140110179,-0.259054946136624,-0.00368776921417671,0.254862643862134,-0.261028449266162,-0.0936319239468393,-0.0485405911214448,-0.165542765460815,0.0119891116619726,-0.010267639156278
"HKWetME5",-1.14719231470557,0.12107649970253,-0.579107201988448,0.32243806891648,0.218742759089482,-0.268191818466397,0.129909321110706,-1.18823102859753,0.0220707475174617,0.0360585569725236,-0.0493056630894678,0.262659795821335,0.48147967516698,-0.206960362885358,-0.16527219572407,0.051014394493178,-0.130056452278268,0.0116826574216904,0.00426165546578038
"HKWetMP1",-0.777725174113959,-0.185487621736271,-0.286721666922182,-0.285444907880176,0.0450388667128921,-0.123756316422974,-0.284666601982952,0.446267867178893,0.226486148437714,-0.126369015991799,-0.546255296798356,-0.023966449038332,-0.172424485781603,-0.0332472484801026,0.110409846020278,-0.0224336551256051,-0.041403144470078,0.0937895424820411,-0.0278681789320254
"HKWetMP2",-0.662695342991573,-0.290750308172783,-0.284590406773603,-0.217114121880765,0.104719469326411,-0.0762867331117082,-0.441133920646007,0.702393869299834,-0.0781360553979435,0.139780183729458,-0.39457477061408,-0.0247460106233628,-0.152287527920752,0.0106195385402174,0.141749894653895,-0.169217084070274,-0.248321272288476,0.200641549723948,-0.0174415307457336
"HKWetMP3",-0.139109019418203,-0.707532897465317,-0.480338285398854,-0.698735305649128,0.54715124670055,0.66111645748053,1.77548176755053,0.90247033009705,-0.32831512901702,0.386270173736315,-0.115579357193703,-0.383731528027817,0.47934766739782,0.300759481765405,0.326163641287148,-0.0283858128346121,-0.469867432320097,0.316032856763051,0.0575218050899341
"HKWetMP4",-0.892189973341277,-0.406389289801184,-0.167922566574135,-0.846059841616992,0.0572887027494762,-0.109687737651324,-0.235570082005616,0.0625346652507212,0.200391526888439,0.0467636285627226,0.0359365961006277,-0.0508134471428778,-0.180884089273426,0.20192853997481,-0.00860232726444078,-0.0977375013282162,-0.160662466562116,0.137155353909138,0.00309559429094263
"HKWetMP5",0.268555291615723,-0.425061961058769,-1.17470467306011,0.450663702100853,1.37740481830109,0.757301380515703,1.61993065685096,0.407820561946334,-0.949201098671834,0.750814725803052,0.20972693110958,-0.0333767962726414,0.44501653811975,0.358797898896352,0.239958343281632,0.107350210302478,-0.136292003479581,0.120120018075539,0.080425481078943
"HKWetMR1",-1.11194952567837,-0.101449358449437,-0.031441206466916,-0.408655528460262,-0.0491367683802568,-0.00186198166503023,-0.12282961061244,0.0089222792050653,0.444034069539555,-0.138073803820257,-0.393502638913697,-0.202151021872722,-0.010364028028565,-0.122533226270171,0.102258328386271,0.0197210386966868,-0.323705643720684,0.196374668648939,-0.0105082125858406
"HKWetMR2",-1.05365674940188,-0.450275577602327,-0.0708378156141434,-0.00788992365723587,0.0207415441089813,0.041854628512511,-0.493717495166889,0.769484657235862,-0.725042102741844,0.249481626005377,-0.202624596634009,-0.212373523833475,0.133265441375241,-0.0664548638861498,0.0476479103515327,-0.0865922976236685,-0.191960877832294,0.0308938283518029,-0.0480413944805334
"HKWetMR3",-1.1028463218874,-0.235480908088917,-0.139538871725952,-0.441262003496783,-0.0371990786542698,-0.101669938433638,-0.225589184063373,0.256501935769594,-0.177706609175747,-0.111019874011888,-0.296255920117314,-0.173241238604991,0.00606023791954561,-0.0811671776545507,0.00143198496746357,-0.00303507287874895,-0.15489605999524,0.127921950872882,-0.0123245177932562
"HKWetMR4",-1.39096290386566,-0.10954515061925,-0.0544595324184215,-0.77061181566576,-0.117638702992275,-0.129228542539904,-0.0664134946545272,-0.0667695808153864,0.0678378732885038,-0.0794758522148706,-0.304936102625756,-0.048910975621965,0.202034905266131,-0.312215610157088,-0.00132724097579044,0.0195992337678957,-0.145278788583118,-0.0911562741275198,-0.0743066115078634
"HKWetWWTP1",1.15609775246566,3.10024643768469,0.00173582287538612,-0.258403489710483,-0.398468557691844,-0.328319133055055,0.130040838115017,-0.389989852336444,0.4260815943144,1.32810837789995,-0.8529604736786,1.16416895859425,0.113546218473554,0.232771415585183,-0.145085089560744,0.250699262843834,-0.000602229408080078,0.197386376525679,-0.0254688496841024
"HKWetWWTP2",1.99782103369081,4.74767864971428,0.92538021385491,-1.03794720749534,-1.82262083451507,-0.303284960613748,0.341984053346395,1.0120590394067,1.37965454675818,1.99268355459235,-0.78562713319421,1.44953799320814,-0.0449506044898544,0.206503958337925,0.0773750219343878,0.458426509898281,0.508247172167185,-0.219517903509105,0.0212923487296008
"HKWetWWTP3",2.00465522443286,4.12993925802098,0.819123701277725,-1.19496394650107,-1.09273029452586,-0.228123527596609,-0.239049572049552,0.650168582213681,-0.37979482559126,0.298056334724873,-1.39204451578972,-0.407076509768062,0.304471217394089,2.02480240026879,-1.67842152646488,0.558565678909685,-0.183379076482004,-0.0665734648830516,-0.0833463627548589
"HKWetWWTP4",4.52831829917401,11.2560203575582,2.69510337594308,-1.84554136780987,-2.62495678177418,0.245547399117,0.707833198487857,1.56848527594572,-0.106073210052283,1.07171601318681,0.604567556609661,0.862481235974569,0.372734125387314,-0.899469343413362,0.209160020325975,-0.526437866881519,-0.292038351141896,0.168386669169212,0.0827290370495763
"QDDryMB1",-0.776670038515419,-0.488481349070578,0.326228128712935,-0.101615444661222,-0.400084245955828,0.0902945280953901,-0.0311249497181897,0.194056014430692,-0.791487350679694,-0.44460659744589,0.166910022464247,0.162355270728933,-0.361346821861735,-0.236196679841293,-0.268223675501033,-0.0108093668823319,0.202710078443735,-0.016926686497137,0.00170792457900993
"QDDryMB2",-0.88854606934008,-0.615425718015048,0.232940153785549,-0.234434361214894,-0.21829043406027,0.107850386644176,-0.19163454982195,0.414602099262653,-1.03583252873643,-0.251256428422186,0.197049263922971,0.255376809227754,-0.278145124973254,-0.251974347337511,-0.251647938780112,-0.0658684241566349,0.113496492028776,0.00230127064477231,-0.0120097500835981
"QDDryMB3",-1.00099681763005,-0.42801730721995,0.226050996152128,-0.564269602254523,-0.308036624083601,-0.0115275633283951,-0.0276796818199217,0.0795943380608317,-0.890461280520945,-0.390345142181489,0.506321103865033,0.043538163407501,-0.228951535610696,-0.0642798028241474,-0.503722143714049,-0.022921592865733,-0.074791846876631,-0.0323475583887228,0.0545766819784539
"QDDryMB4",-1.22149620907937,-0.613405905125503,0.396755951215112,-0.573235908323916,-0.309377755247556,0.10990412619902,-0.0089278704471229,-0.143085696124859,-0.684000723608822,-0.319968879576366,0.0832786553355086,0.219902256881266,-0.0319988544021478,-0.256339217672438,-0.372064949918745,-0.0234492049544681,0.00502984272742042,-0.0361301106203266,0.00779747784023841
"QDDryMB5",-1.14487914501306,-0.540313499914603,0.32775605912816,-0.702326075390825,-0.248688790792031,0.0432648811744476,0.0134646398585433,-0.159812858496286,-0.73377813685624,-0.550011721799968,0.0647183169928222,0.248565039707293,-0.132415452087011,-0.223278140472629,-0.422020830487151,-0.0256634259606029,0.060123170402537,0.0392317902457114,0.0220663153497585
"QDDryMC1",0.25072147178616,-0.543863644476022,0.726103302142592,-0.709634020272723,-0.30235567403465,0.275163916854678,-0.495014226380383,-0.0903952894088756,-0.0898052951105211,-1.15941640084329,0.18986010497197,0.96132439406457,0.897041285926446,0.822799290926299,0.102776696099295,-1.25111796374685,0.388258762012955,0.0600685348721967,-0.0747144217582511
"QDDryMC2",-0.66538597270866,-0.383038942144374,5.07030931427074,0.683236488515861,1.19041334701223,4.00663281827644,-0.851489177232503,-1.26604686467622,0.842220179441515,0.094336129550137,-0.376529226636662,0.101463488807606,0.0171760586402644,-0.000741065328110073,0.143091637802762,0.0735642082128025,-0.325968878597331,0.0360962199388806,-0.0299869070359879
"QDDryMC3",-0.19863198402353,-0.854260969261235,8.3197743647244,1.35568483599872,5.46545638175402,-5.09400570828596,1.15522912052932,0.766641087923898,0.193764289846194,0.196741077376814,0.109828442952005,-0.0992809291615078,0.0768319507808145,0.00889586396545315,-0.0167214345005691,0.0672515381677278,0.0466324826004061,0.000656156407056557,0.00668981465959193
"QDDryMC4",-0.30154255212422,-0.704533378831327,1.36883070035471,0.0406462216046513,0.415160392252622,0.491521540783717,-0.361558061326664,0.283760802586533,-0.426832260217161,0.0411771549640083,0.133690859760446,0.208230046005861,-0.408139471422066,-0.172608433797199,-0.0878042440586925,-0.358352355710794,-0.222361003972014,-0.102754453034647,-0.0697561119175122
"QDDryMC5",0.0395813160411378,-0.76514635261511,0.580826080460682,-0.465166277616257,-0.285551155346455,-0.0872342489217891,-0.444041663015979,0.263587021797665,-0.53843329638859,-0.744695786122487,0.487913656773258,0.797427069025,0.68449166832736,0.603112634977235,0.0574555556045458,-0.937384770313418,0.166523180283201,0.00155710683261836,0.015978594041368
"QDDryME1",11.9085155286497,-2.34979666180975,-0.00861715900560284,-2.07720139052823,-0.329088709108642,-0.632966699163329,-1.37358425490675,0.0890406942967649,0.523923356458488,-1.72989543509192,-0.0382395349150016,-0.061285155007646,2.36913429873357,0.254094070285236,0.912904630855537,0.552561993646711,-0.184630927713401,-0.0640571925791811,-0.00497657106687591
"QDDryME2",19.7064047343883,-2.13593452353774,0.550200098262147,-1.39821330110506,-0.757462873533957,-0.688790924456768,0.671434023205521,-3.19249619911157,-1.80204750780512,1.46404421562591,-1.87349277812004,-1.31698127435857,-0.842159283016586,-0.222660853770187,0.217758393913058,-0.567153857154048,0.320308758368471,-0.00549731120819818,-0.00678198523119976
"QDDryME3",7.68861088490737,-2.30891565946905,1.0018549178915,0.264909565512692,-2.01799818305946,-1.00415674875244,-0.828413439090124,-0.329986842761176,-0.269911531698813,-1.98204069058628,0.300770776095775,2.08484652476825,-1.83903411502297,0.481731108428616,0.540052384244147,0.561248296058178,-1.03890312186956,-0.196326213865964,0.0829675082459308
"QDDryME4",14.5406844501052,-3.54147520154899,-1.71745064106131,1.70308137708735,1.79432908787482,1.10616966987181,-0.0330788376952146,2.86161826011075,0.491714210330145,1.21271638605626,2.17120609772351,0.239471705930104,0.193953441882648,-0.00137470083622054,-0.633494332468148,0.0416053524284347,-0.416647139923059,0.0202954775420768,-0.0839794219009209
"QDDryME5",7.56750729058346,-1.49349986034251,0.489526243642975,-0.431049794577611,0.101703535611222,0.309342981953874,-2.6378088090443,0.715899905047633,1.4282770731063,-0.546049939749256,0.677805661071314,-0.190419618005247,0.528029576033267,-1.11598711205408,-0.998283152372744,0.635465169296309,0.962713778377119,0.216089517252317,0.0758772035553794
"QDDryMP1",-0.301364801030156,-0.861010570918467,0.543000230226317,2.26263255529455,-2.35594206787752,-0.523929753424085,0.857966181413109,-0.0771413565322737,0.0953172237119079,-0.28550664960946,0.480625952766937,-0.137647047832332,-0.233730901272516,-0.149161621792803,-0.242113156460507,0.196982692637643,-0.0274529679629501,0.0887525212873078,-0.0417315749447874
"QDDryMP2",-0.0417830175484047,-1.00983032910062,1.00523219538593,2.12098140813747,-2.0996411284909,-0.0255850626513881,0.532593163606173,-0.122156613082017,0.175433955475508,-0.0327002371509314,0.383414968075482,0.0307631325063201,-0.0549411037615212,0.170758446415598,-0.10540420046187,-0.0453885686153815,0.33973067891467,-0.0793251519009235,0.0379243889852191
"QDDryMP3",-0.29678460514516,-0.919157038816204,0.285980280759805,2.58699365711628,-2.24452330430009,-0.572896128807503,0.621763460527921,0.260360599768688,0.0833954093586292,0.308559084037029,0.162602580042194,-0.574812742692302,-0.119047353074973,-0.187357275857657,0.0549010849404159,0.00205617965802687,-0.0315434373674963,-0.0649813382050725,-0.0312336867852439
"QDDryMP4",0.38579213227595,-1.08409218065106,0.976297066472343,2.51349666002231,-2.59884751754272,-0.501031316097651,0.560870466102092,-0.145340687462836,0.420995701258397,-0.30501930283688,0.618620353788399,0.0363265092591098,0.808798886858702,0.694846236475587,0.219480501774326,-0.765407419999196,0.491031689074268,-0.0256858566937554,0.0234807197420201
"QDDryMP5",-0.519791495953022,-0.553746807688312,0.157715128258845,0.590985311984554,-0.240518214250421,0.184456500224457,-0.508527749433206,1.13440770340919,-1.38575192001576,0.0459620605363336,-0.120040837424718,0.0213665718460676,-0.184099513358276,-0.155366532121753,-0.139050954017814,-0.113135685953815,0.277287833355481,-0.246165494632514,0.07024215842819
"QDDryMR1",-0.330090510596101,-0.655412128033268,0.258678587222228,0.454057025735036,-0.198721564141021,0.251922024410312,-0.502186632792148,1.11165441578497,-1.74179564007878,-0.110048025909477,0.128093243650336,0.133943098463215,-0.436597856350557,-0.148339296243482,-0.165022729226268,-0.282286264638469,0.25531958872401,0.0642171667556569,0.051682444931542
"QDDryMR2",-0.62698688989114,-0.738449833161738,0.209818782722865,0.115505760683776,-0.200806962618287,0.143144485384164,-0.31507535019172,0.764508763185117,-1.26837972315841,-0.369087263169502,0.0669376150926853,0.416953937588162,-0.363270268723579,-0.160787822260887,-0.280002382222325,-0.0661633544286068,0.16722161859379,0.124474960312159,-0.0261913649616386
"QDDryMR3",-0.83419001971443,-1.10718023344657,4.82442045046726,1.64980721427529,1.02604351440676,5.11570439390959,-1.50427960909037,-0.697542345746271,0.0816265640674733,0.463582491376225,-0.447120984995445,-0.269263051405732,0.0613963249570261,0.278467533618357,0.228999790287027,0.121377484312681,-0.00432114660141291,-0.0890474427346543,0.0457440126508498
"QDDryMR4",-0.171941478211967,-1.12844885091345,0.863357453584176,2.84614710794188,-3.30744323119865,-0.770115784010017,1.36483038496362,-0.929356395667596,0.977650636453038,-0.318231598528585,0.502611057311846,-0.301183215665733,0.169501090594826,0.0271548076981215,-0.0559307347762176,-0.0393486079415486,-0.0138401628318991,0.193543358150699,-0.037682376541448
"QDDryMR5",-0.29991225823801,-1.23547948016706,2.07680915004057,2.47602848688789,-2.38539215154606,0.729545432170732,0.863193788850977,-1.05668721447247,0.450888616607615,-0.0653258215482933,0.299378464730869,-0.0890312500800505,-0.285590417817184,-0.202816338581367,-0.173631375392588,0.202899741105935,0.0418196283175561,0.187575952045883,-0.0293181962208842
"QDDryWWTP1",-0.181098057664624,-0.221411324708264,0.21782913339024,-0.43673606094094,-0.018665335523235,0.121342717907802,-0.124937702254404,0.105350534497137,-0.0978158442867217,-0.947433766311311,-0.464255967560937,0.44955223632254,-0.710969623884132,-0.177996378724945,-0.0973937097106432,0.0561762061163556,0.304600227546523,0.0848022934041925,-0.0953617081780851
"QDDryWWTP2",0.944983840394301,-1.11824991648498,-0.19833127085719,-0.936934463008002,0.805667362301247,1.56253657499548,4.38807110554119,0.897609775839288,-0.58664663815211,-1.20771024539122,-0.370524427351889,0.72227974583735,0.223119919928595,-0.177123369270421,0.216242912008511,0.668306335589052,0.571200162755051,0.00204420759844931,-0.0738195711458918
"QDDryWWTP3",-0.154302544670754,-0.36984645952785,0.20827346678853,-0.561997429736101,-0.344767065260575,-0.126251592384132,0.161894840383611,-0.190432613457407,-0.322235819834343,-1.0736596469965,0.111639197536042,0.344300529342516,-0.886738581132708,-0.113822801478197,-0.417659510651176,-0.0356206505665979,0.205270975095896,0.0686159888776027,-0.0285813824381836
"QDDryWWTP4",0.0995577630548627,-0.946681805015061,0.246934098962352,-0.838510331000794,0.215492050695127,1.02555338366441,2.40226874514296,0.108860448045548,-0.420391241098098,-0.551636796404404,0.128534838181588,0.148516465436627,0.0590975492633575,0.0145708523111376,-0.0818013955284875,0.201604599898407,0.21099161826836,-0.124826178711038,-0.00521581492155668
"QDDryWWTP5",0.506429029370217,-1.24489719493219,-0.0339822223043869,-0.921409857528175,0.410830388345994,1.15989770626745,3.42552352098086,0.491139416800462,-0.795649317742167,-0.352489925469651,0.108057035787972,0.0826418798568096,0.276445525976568,-0.00311891174350136,0.0274260294021145,0.13518939270173,0.160148030636502,-0.113541316722009,0.0477866221133777
"QDWetMB1",-0.808781357137454,0.168692756817258,-0.291161214855261,0.1889953731954,0.0652594158916518,-0.0938119912323079,-0.340727491603792,0.80395104410652,-0.0129954687818937,-0.527969538656651,-0.705987732292241,-0.165966237134071,-0.0165538203097072,-0.0768873768010991,0.0786966023748749,0.052233415701187,0.0408062164306486,0.0589539293701965,0.0384270598575499
"QDWetMB2",-0.515612105370563,-0.304177347771175,-0.454722053063833,2.17209779659592,-0.75426551820956,-0.191638418190983,-0.449124849396551,1.72282227968187,-0.40351690284073,0.320340696470375,-0.229367696260856,-0.749237888981091,0.131404232981039,0.0951085129017404,0.300128109667511,0.0221514233355759,-0.06147262120276,-0.152316366791326,0.0114568235488097
"QDWetMB3",-0.591765189000073,0.318629016627764,-0.920816482815233,1.06139556073678,0.757342254283694,-0.0889653975502737,-0.392915010529227,-0.310697062735348,-0.520252298250873,0.188732547178028,0.143838449218589,0.470526921754899,0.377755961212681,0.141618546135698,0.118016573732001,-0.0503823568731511,0.101396060152453,-0.0313338689939346,0.0212794049610334
"QDWetMB4",-1.00582874832821,-0.3294457072086,-0.185579580468331,-0.547159988209495,-0.136880393043557,-0.153704101058117,-0.253392786580664,0.170487774395658,0.340380875601736,-0.0457746521614983,0.0358184232021543,0.00973396204372208,0.281128993332363,0.241242071833944,0.215718560786015,-0.19029921732409,0.133662304258751,-0.043534144897521,0.0156162931290599
"QDWetMB5",-1.03520398162362,0.076486801685994,-0.182186239422411,-0.0475863110538688,-0.522835247568005,-0.391353767923533,0.201820347509944,-0.238281093199494,1.06854831612755,-0.695923420358666,-0.827241612970821,-0.11464156170309,0.29284165615211,-0.0743767308903033,0.0922659420952071,0.00821896565069356,0.168276998043156,-0.0869212766423487,0.0285589924958001
"QDWetMC1",0.619085931930416,0.24898922532458,-1.79180002021425,2.88696692332381,1.46911974403031,0.0386081444359839,-1.07388145782825,0.940072785576645,-0.776878633796775,0.88983138913611,-0.324594646248562,0.43104089028262,-0.302302814262028,0.155824547880782,0.37424984404979,0.0157020767370597,0.217768722471089,0.0333536919806189,-0.0262843010994225
"QDWetMC2",0.475099696886256,0.617984874313474,-1.3212365794393,1.53250917274806,1.07221113607658,-0.100950316514046,-0.621777467939466,0.411249490167677,0.334097852559301,-0.236934081769058,-0.732110978037138,0.252725096921598,-0.543878098895151,0.360495218038245,0.415953727352467,0.00346213445518234,0.209356980513763,0.300078051180201,0.0248330281862269
"QDWetMC3",0.402728943090279,0.534366879458245,-1.40469229575844,1.8158560518647,1.27399604381807,-0.00287152217511751,-0.732689413336093,0.335257850247071,-0.221339627056607,-0.00187553640338081,-0.330731825678555,0.477947556328809,-0.172484190164232,0.075332804128523,0.126560319989669,-0.0877715255823777,0.200213575695452,0.134561823715054,0.00824411569403201
"QDWetMC4",-0.187222432184475,0.136960195771539,-0.532536645881156,-0.0340836340642308,0.207684468964172,-0.159300851361762,-0.379217653703109,0.662565695781614,1.01544488104335,-0.574751099220658,-0.766892511351076,-0.00196141222592576,-0.349447681656274,0.200327275399892,0.33704073631365,-0.0672378054468579,0.188156539083113,0.221096427901584,0.00975497215474244
"QDWetMC5",0.00348418111669579,0.549156457671235,-1.02815626381513,1.29093131310468,0.856542957957717,-0.0145103762260752,-0.496720194074675,0.0250420232044672,0.585659044911995,-0.261992713434758,-0.741495774835217,0.40308714107952,0.0729454498788242,0.151400165328445,0.345305790735256,-0.0660129426331935,0.308755338576332,0.0266675304215912,0.00770426930355578
"QDWetME1",1.02757381242679,-0.0717679083375827,-0.393935559946866,-0.405929372202641,0.407854932600198,0.0177169324699447,-0.404732687838918,0.260839342709699,1.94863481164227,-0.707172171675895,-0.512230442391368,-0.0809398965071078,-0.42853588903313,-0.544127619745417,-0.764479116156188,-0.963666317451248,-0.24203451849791,-0.262410048589209,-0.00978667905959677
"QDWetME2",3.24609361683554,-0.171594837324806,-2.15663112506608,0.670316519854643,2.45438401511991,0.767618253065297,2.18347044029082,-0.0779523988633804,1.88839258449345,0.208150403688774,-0.390179454347951,0.119921403689845,-0.370871854139604,-0.0355655096951544,-0.457432037016535,-0.629213801161103,-0.502904434663873,0.167541290812151,0.0442153964512889
"QDWetME3",1.86618641420195,-0.266811665426693,-1.16316197574579,-0.349319219551573,1.12138078711614,0.648154321896535,1.64421627347962,1.18348707653893,2.08795745895611,-0.394783826576958,-0.484055092830814,-0.499897865230217,-0.648343710618974,0.105360957827425,-0.0158190798966479,-0.396584697530626,0.0639264199183372,-0.331583474946303,0.0556987892148639
"QDWetME5",0.791862510305681,0.68317121032921,-1.9437010130597,1.36667383302283,1.96927659596515,-0.186371734794459,-0.2808860139402,-1.85634030139194,0.942083138137451,0.296033334916174,0.0851535077220624,1.14403743625163,-0.424449601652385,0.108571642121936,-0.169977800413169,-0.128893070495768,0.176230152158562,-0.130272917666258,-0.0299401711342711
"QDWetMP1",-1.06113109250556,-0.0590964795778489,-0.118984268836745,0.0244080346900861,-0.345904827230734,-0.185281942093547,-0.101392901080678,0.302844611543261,-0.137990955921606,0.0175591221422064,-0.554729845574444,-0.344423724501333,0.0916358034867841,-0.312664377750469,0.0799013254628716,-0.064902223558311,-0.0891173609008398,-0.0158485374471967,0.0575378218745013
"QDWetMP2",-0.690320407470384,-0.195984510289374,-0.129887481582095,2.16697250576452,-1.91230463306558,-0.698518504614861,0.652248746046649,0.0938975183240214,1.07209639309082,-0.00780966903917711,-0.460777918209702,-0.796233487266657,0.17163819275695,-0.316336851364324,0.143020686536086,0.229631657316375,-0.21411263894294,-0.0739988651770506,-0.0293546659988552
"QDWetMP3",-1.31825171884387,-0.223654322294098,-0.0517576641213174,-0.38914283834263,-0.238055071057447,-0.155149938897131,-0.0771029742918469,0.0881673675343289,-0.178064789205153,-0.111455609592742,-0.475580975058405,-0.121944308853952,0.213475328899692,-0.308311090341383,-0.0973049437396453,-0.01668555895136,-0.174936291574879,-0.0341976782107832,0.00683919277221595
"QDWetMP4",-0.86619124072282,0.337331888067041,-0.706445917953777,0.344074865711114,0.461357389769384,-0.230577404938914,-0.0682407547488133,-0.875883446252756,-0.0145448372152996,0.0271655375071838,-0.531630890213937,0.219872988495404,0.295236998915723,-0.067419703059016,-0.0409742732011625,0.0405538952466751,0.023406134320436,-0.00423874613829351,0.0653117999222321
"QDWetMP5",-0.557844907641576,0.0652926383642305,-0.849577792566912,1.81173272928748,-0.0625009807928439,-0.348834893850116,-0.0167307675870997,-0.235083295734345,0.0427495489855747,0.258781015668724,-0.49853258209444,0.0367417190518805,0.0799397324750534,-0.105458804250582,0.137568593124972,0.260162488339287,-0.0724555383731231,0.0755367546116833,-0.0151642202219111
"QDWetMR1",-0.970630482972832,0.0155266907138915,-0.557322271550597,0.466927562786957,0.471574925698289,-0.0776120123522532,-0.14048712443335,-0.787166654051455,-0.415942473296681,0.0655541020667155,-0.180562894933225,0.260645207311027,0.33670950984987,-0.0806110597504078,-0.199546181190243,0.0335940839737696,-0.0665548235619957,0.0712566059857521,0.0446513844810373
"QDWetMR2",-1.22500026548542,0.176522111722431,-0.0804077677825007,-0.639507526033243,-0.178113131443361,-0.159796757281236,0.0769467568534238,-0.151093531176088,0.495776303466344,-0.467777376136183,-0.350902144601869,-0.0543461866756509,0.0785542906105994,-0.447581373815313,0.000351254407782373,0.109096881253757,0.0245994978189257,0.00415824671990101,0.0057118236496432
"QDWetMR3",-0.752746663954923,0.167543388225185,-0.369453329520018,0.412952062119192,0.089269586070835,-0.0445100249860473,-0.406859893410817,1.02551227386852,-0.11561956455038,-0.460682011333577,-0.720985720504378,-0.218186654308692,-0.140638863456155,-0.110591482595305,0.11499136878356,0.122704047800332,-0.108730628154392,0.200367702082224,0.0192776731918632
"QDWetMR4",-0.904850645450774,0.668801019987827,-0.899758694614308,0.620191462405562,0.612054993178958,-0.285515240711509,0.157756094144215,-1.54072939751254,0.376320742444282,-0.221228193336522,-0.223572059986272,0.485660773514359,0.485601398798095,-0.172127807602345,-0.0726365282639702,0.116586407755537,-0.0638833338477549,0.105878166884055,0.0307963881643698
"QDWetMR5",-1.19817448567853,0.3818902742266,-0.712874793912789,0.133542527123511,0.696100730628886,-0.141256926417405,0.0294929383090551,-1.36455315047249,-0.275682113005521,0.0519774315145149,0.132779310175443,0.451804856972696,0.419364624237114,-0.168004162335261,-0.179161937165307,0.0385695313993906,-0.075012905522616,-0.0808885365547631,0.0491776178784941
"QDWetWWTP2",0.172741765192718,0.343927947867881,-1.17895766334985,3.94353199029331,-0.32903673509562,-0.411925221650396,0.067539463748625,-0.642844565790169,-0.357810615219116,0.976988798061548,0.151553637791421,0.0352855796979527,0.475693458129663,0.152448587352903,-0.122984612339213,0.227197244602125,-0.0419542004007838,-0.216381721094875,0.045295389072187
"QDWetWWTP3",-0.696168766621604,0.108517440252333,-0.324039278675842,0.459639982840068,-0.0468650560055894,-0.0431653554309437,-0.507513735553231,1.15376230985815,-0.445836099235325,0.183559389837281,-0.697044024423541,-0.385498068049128,-0.0484423713880901,-0.0906110362788598,0.0608815636897047,0.0769315784473787,-0.0388888622321931,-0.130073176014378,0.0650701227749114
"QDWetWWTP5",-1.17717052843496,-0.323005191520017,-0.00723755089427208,-0.370015954862584,-0.3312131409018,-0.158271314837005,-0.0233074875689397,0.0684419528318117,-0.172975097453003,-0.0891037486446707,-0.195501170220229,-0.0467312989580002,0.00559568364550496,-0.148275629201022,-0.177955985964184,0.106794055159284,-0.128652442492872,0.0361989937895922,0.0160580190742985
